"REFERENCE_FILE","DOFLOW_FILE","MODE","ALLOWLIST","REASON","REFERENCE_SHA256","DOFLOW_SHA256","JSX_PARITY","CLASS_PARITY"
"public/assets/auth/flow-login-journey.webp","apps/frontend/public/assets/auth/flow-login-journey.webp","EXCLUDED","A","D3CC801 AUTHORITY: reference auth artwork excluded","d2d655c852796b01bb6e6230f416800515c052e6932f6a5137de6e731d79f1bd","","N/A","N/A"
"public/assets/flow/emoji/flow-angry.webp","apps/frontend/public/assets/flow/emoji/flow-angry.webp","VERBATIM","","SHA-256 identical","5c77fd790393203b31f8526f429e6d2ad536f021a31254ff4aac92648909c1ab","5c77fd790393203b31f8526f429e6d2ad536f021a31254ff4aac92648909c1ab","N/A","N/A"
"public/assets/flow/emoji/flow-approved.webp","apps/frontend/public/assets/flow/emoji/flow-approved.webp","VERBATIM","","SHA-256 identical","393c2b0d1b0f7cccd9012891a07b0d0ca2e53573700416c7f0632caa9c00c993","393c2b0d1b0f7cccd9012891a07b0d0ca2e53573700416c7f0632caa9c00c993","N/A","N/A"
"public/assets/flow/emoji/flow-bored.webp","apps/frontend/public/assets/flow/emoji/flow-bored.webp","VERBATIM","","SHA-256 identical","87d13d2f2e8c85d515840bdc3c7d2ff2ef9049035a4ef45d5e6f37cd2d64f594","87d13d2f2e8c85d515840bdc3c7d2ff2ef9049035a4ef45d5e6f37cd2d64f594","N/A","N/A"
"public/assets/flow/emoji/flow-celebrate.webp","apps/frontend/public/assets/flow/emoji/flow-celebrate.webp","VERBATIM","","SHA-256 identical","c621fbedfe6590567783207af935b4d01ed3e0fe035ebce47305cf79af2c7704","c621fbedfe6590567783207af935b4d01ed3e0fe035ebce47305cf79af2c7704","N/A","N/A"
"public/assets/flow/emoji/flow-cry.webp","apps/frontend/public/assets/flow/emoji/flow-cry.webp","VERBATIM","","SHA-256 identical","a07e909be5d6d8d389017ce408a793598af09c745f840426739d6b3fa8fe55c4","a07e909be5d6d8d389017ce408a793598af09c745f840426739d6b3fa8fe55c4","N/A","N/A"
"public/assets/flow/emoji/flow-daje.webp","apps/frontend/public/assets/flow/emoji/flow-daje.webp","VERBATIM","","SHA-256 identical","8c8a1049d55480003a62298daee91b072a213e69ceae3a600a8b93a85ab1c645","8c8a1049d55480003a62298daee91b072a213e69ceae3a600a8b93a85ab1c645","N/A","N/A"
"public/assets/flow/emoji/flow-embarrassed.webp","apps/frontend/public/assets/flow/emoji/flow-embarrassed.webp","VERBATIM","","SHA-256 identical","50732230739fe06453342195c3f8aaddc799b38e9e056678e8900ca2a26862e3","50732230739fe06453342195c3f8aaddc799b38e9e056678e8900ca2a26862e3","N/A","N/A"
"public/assets/flow/emoji/flow-happy.webp","apps/frontend/public/assets/flow/emoji/flow-happy.webp","VERBATIM","","SHA-256 identical","d53229118dea7b2636526fbafd365af9bd1b92fbcd522cbf72a86075bfe86868","d53229118dea7b2636526fbafd365af9bd1b92fbcd522cbf72a86075bfe86868","N/A","N/A"
"public/assets/flow/emoji/flow-kiss.webp","apps/frontend/public/assets/flow/emoji/flow-kiss.webp","VERBATIM","","SHA-256 identical","6952df77681616a696800a3a71707b2be11284825af056273ce71986b9dd6cdd","6952df77681616a696800a3a71707b2be11284825af056273ce71986b9dd6cdd","N/A","N/A"
"public/assets/flow/emoji/flow-laugh.webp","apps/frontend/public/assets/flow/emoji/flow-laugh.webp","VERBATIM","","SHA-256 identical","bb4110805d4bb2fcea98b72e29d373e28611f4631569ddb65d8fd2e1ebf11b35","bb4110805d4bb2fcea98b72e29d373e28611f4631569ddb65d8fd2e1ebf11b35","N/A","N/A"
"public/assets/flow/emoji/flow-love.webp","apps/frontend/public/assets/flow/emoji/flow-love.webp","VERBATIM","","SHA-256 identical","9013faeb55fc3f27501e967deb7aaa1087ed4778e605766a745d928e05ae6a92","9013faeb55fc3f27501e967deb7aaa1087ed4778e605766a745d928e05ae6a92","N/A","N/A"
"public/assets/flow/emoji/flow-meditate.webp","apps/frontend/public/assets/flow/emoji/flow-meditate.webp","VERBATIM","","SHA-256 identical","ac98e247e1a48e54fdf2f7fae6d92db5719fa8a5f1757010affb3343c5a8c10b","ac98e247e1a48e54fdf2f7fae6d92db5719fa8a5f1757010affb3343c5a8c10b","N/A","N/A"
"public/assets/flow/emoji/flow-proud.webp","apps/frontend/public/assets/flow/emoji/flow-proud.webp","VERBATIM","","SHA-256 identical","b6b242f4464e5cd9080a9ad730f7b8458bdf815ff6869036be5a7aa2759ee11a","b6b242f4464e5cd9080a9ad730f7b8458bdf815ff6869036be5a7aa2759ee11a","N/A","N/A"
"public/assets/flow/emoji/flow-scared.webp","apps/frontend/public/assets/flow/emoji/flow-scared.webp","VERBATIM","","SHA-256 identical","14c38e1e55390ad04de583328ebfea4d6081351552388d40624f461156b41524","14c38e1e55390ad04de583328ebfea4d6081351552388d40624f461156b41524","N/A","N/A"
"public/assets/flow/emoji/flow-shocked.webp","apps/frontend/public/assets/flow/emoji/flow-shocked.webp","VERBATIM","","SHA-256 identical","74d6dd0c5e102b5256eec6873074bf6355b53a557c7fb9f0144564321894c09a","74d6dd0c5e102b5256eec6873074bf6355b53a557c7fb9f0144564321894c09a","N/A","N/A"
"public/assets/flow/emoji/flow-shy.webp","apps/frontend/public/assets/flow/emoji/flow-shy.webp","VERBATIM","","SHA-256 identical","83f54bfab1ccdc8a700476bac6ffac899fe7706696e25ee4ac9f3472a5b81470","83f54bfab1ccdc8a700476bac6ffac899fe7706696e25ee4ac9f3472a5b81470","N/A","N/A"
"public/assets/flow/emoji/flow-sick.webp","apps/frontend/public/assets/flow/emoji/flow-sick.webp","VERBATIM","","SHA-256 identical","542d0f59bfed7ed3f2e8914e72f2a11268c7ae13cc467b36117a892ccb7f7b41","542d0f59bfed7ed3f2e8914e72f2a11268c7ae13cc467b36117a892ccb7f7b41","N/A","N/A"
"public/assets/flow/emoji/flow-skeptical.webp","apps/frontend/public/assets/flow/emoji/flow-skeptical.webp","VERBATIM","","SHA-256 identical","7af670a9b1d02a2fb58cf0b1d5cc6334787a92b3d9540ec8732e69f5f676d6f8","7af670a9b1d02a2fb58cf0b1d5cc6334787a92b3d9540ec8732e69f5f676d6f8","N/A","N/A"
"public/assets/flow/emoji/flow-sleepy.webp","apps/frontend/public/assets/flow/emoji/flow-sleepy.webp","VERBATIM","","SHA-256 identical","a47785250f77e7c3d1789103da92fcb22e800c3dd4897e37cd4ec0498583e33b","a47785250f77e7c3d1789103da92fcb22e800c3dd4897e37cd4ec0498583e33b","N/A","N/A"
"public/assets/flow/emoji/flow-studying.webp","apps/frontend/public/assets/flow/emoji/flow-studying.webp","VERBATIM","","SHA-256 identical","caf396dfc69b720e9ac35c587db9a25c6921410f4f6d16d6ceb570dd1942333b","caf396dfc69b720e9ac35c587db9a25c6921410f4f6d16d6ceb570dd1942333b","N/A","N/A"
"public/assets/flow/emoji/flow-thinking.webp","apps/frontend/public/assets/flow/emoji/flow-thinking.webp","VERBATIM","","SHA-256 identical","bb69a0c8350ad340719c4dd753c7d5c08ddc6b67c76bebe99db48ccc230678a6","bb69a0c8350ad340719c4dd753c7d5c08ddc6b67c76bebe99db48ccc230678a6","N/A","N/A"
"public/assets/flow/emoji/flow-urgent.webp","apps/frontend/public/assets/flow/emoji/flow-urgent.webp","VERBATIM","","SHA-256 identical","f99802dc1cddafe82990c7f3890507d4094e4d6cdae23615a36fa66ed8f8311d","f99802dc1cddafe82990c7f3890507d4094e4d6cdae23615a36fa66ed8f8311d","N/A","N/A"
"public/assets/flow/emoji/flow-wink.webp","apps/frontend/public/assets/flow/emoji/flow-wink.webp","VERBATIM","","SHA-256 identical","f91838cf1764df8be88386f3a7ab96cb552b0b903bfee18178aacbbb32c1dc8b","f91838cf1764df8be88386f3a7ab96cb552b0b903bfee18178aacbbb32c1dc8b","N/A","N/A"
"public/assets/flow/emoji/flow-working.webp","apps/frontend/public/assets/flow/emoji/flow-working.webp","VERBATIM","","SHA-256 identical","240f78d599a8d71fe79bf72fb8cc9a1898d65e2e3baab9748aa3a29907fc9491","240f78d599a8d71fe79bf72fb8cc9a1898d65e2e3baab9748aa3a29907fc9491","N/A","N/A"
"public/assets/flow/empty-states/flow-all-done.webp","apps/frontend/public/assets/flow/empty-states/flow-all-done.webp","VERBATIM","","SHA-256 identical","aa9fad7ac50a8498bc1c89dedb847c7af0af1c3bf7f501035216fb5ba769c17e","aa9fad7ac50a8498bc1c89dedb847c7af0af1c3bf7f501035216fb5ba769c17e","N/A","N/A"
"public/assets/flow/empty-states/flow-empty-activities.webp","apps/frontend/public/assets/flow/empty-states/flow-empty-activities.webp","VERBATIM","","SHA-256 identical","a99fa0e4a3f815de138c397fb416175c96de80e6ec201a3064d2aced04d40829","a99fa0e4a3f815de138c397fb416175c96de80e6ec201a3064d2aced04d40829","N/A","N/A"
"public/assets/flow/empty-states/flow-empty-calendar.webp","apps/frontend/public/assets/flow/empty-states/flow-empty-calendar.webp","VERBATIM","","SHA-256 identical","c668825151a6edc8993c7c0ea2ea5236025466d3bd36e42aae9c278913bfe807","c668825151a6edc8993c7c0ea2ea5236025466d3bd36e42aae9c278913bfe807","N/A","N/A"
"public/assets/flow/empty-states/flow-empty-chat.webp","apps/frontend/public/assets/flow/empty-states/flow-empty-chat.webp","VERBATIM","","SHA-256 identical","100779f09cc4bba57fbb9e7cdfb78dae484645af7b95d65f7a1c0b2dcec0c897","100779f09cc4bba57fbb9e7cdfb78dae484645af7b95d65f7a1c0b2dcec0c897","N/A","N/A"
"public/assets/flow/empty-states/flow-empty-clients.webp","apps/frontend/public/assets/flow/empty-states/flow-empty-clients.webp","VERBATIM","","SHA-256 identical","d45f60adde08802b0289d45c45b4ff627e02faf0fa7315bb8df1e83c8cc6037e","d45f60adde08802b0289d45c45b4ff627e02faf0fa7315bb8df1e83c8cc6037e","N/A","N/A"
"public/assets/flow/empty-states/flow-empty-files.webp","apps/frontend/public/assets/flow/empty-states/flow-empty-files.webp","VERBATIM","","SHA-256 identical","2bb33820aba29200652c870b66447fb1351cee67128d4d68dc030fc504f0bebc","2bb33820aba29200652c870b66447fb1351cee67128d4d68dc030fc504f0bebc","N/A","N/A"
"public/assets/flow/empty-states/flow-empty-leads.webp","apps/frontend/public/assets/flow/empty-states/flow-empty-leads.webp","VERBATIM","","SHA-256 identical","d6c401b00a6ca828013fca0c81e872e5dbd97df314b103ba04a5ec5df282a3ee","d6c401b00a6ca828013fca0c81e872e5dbd97df314b103ba04a5ec5df282a3ee","N/A","N/A"
"public/assets/flow/empty-states/flow-empty-notifications.webp","apps/frontend/public/assets/flow/empty-states/flow-empty-notifications.webp","VERBATIM","","SHA-256 identical","399028ba1437b3fe7e2fc52e074b5eb92fe2fdadd5f27bcfbb3656707e08b233","399028ba1437b3fe7e2fc52e074b5eb92fe2fdadd5f27bcfbb3656707e08b233","N/A","N/A"
"public/assets/flow/empty-states/flow-empty-payments.webp","apps/frontend/public/assets/flow/empty-states/flow-empty-payments.webp","VERBATIM","","SHA-256 identical","065dbfb2f00a2455c0526b574324390c12b030dfb0d228639c01d33c5ed6a4e5","065dbfb2f00a2455c0526b574324390c12b030dfb0d228639c01d33c5ed6a4e5","N/A","N/A"
"public/assets/flow/empty-states/flow-empty-projects.webp","apps/frontend/public/assets/flow/empty-states/flow-empty-projects.webp","VERBATIM","","SHA-256 identical","e64329ea2dfb6a975ce903f0ada0f75264ca9119357bfbaa3b11daee3d855fc4","e64329ea2dfb6a975ce903f0ada0f75264ca9119357bfbaa3b11daee3d855fc4","N/A","N/A"
"public/assets/flow/empty-states/flow-empty-search.webp","apps/frontend/public/assets/flow/empty-states/flow-empty-search.webp","VERBATIM","","SHA-256 identical","e58e051883ac9901835f1172ebca220664bc04b8e8c1dfba7df4b6d09e15c387","e58e051883ac9901835f1172ebca220664bc04b8e8c1dfba7df4b6d09e15c387","N/A","N/A"
"public/assets/flow/empty-states/flow-empty-support.webp","apps/frontend/public/assets/flow/empty-states/flow-empty-support.webp","VERBATIM","","SHA-256 identical","d373874fb59c8a81876fba1059efeef8155ae05733aaaf11a49e02f0e93a7122","d373874fb59c8a81876fba1059efeef8155ae05733aaaf11a49e02f0e93a7122","N/A","N/A"
"public/assets/flow/manifest.json","apps/frontend/public/assets/flow/manifest.json","VERBATIM","","SHA-256 identical","99628d09697aad9395260d8f3ef51e853c49a4402b08eddca83ba8e562a1cd63","99628d09697aad9395260d8f3ef51e853c49a4402b08eddca83ba8e562a1cd63","N/A","N/A"
"public/assets/flow/mascot/flow-celebration.webp","apps/frontend/public/assets/flow/mascot/flow-celebration.webp","EXCLUDED","H","Uncalled duplicate mascot pack excluded; active Flow artwork is resolved through the imported manifest","6d9e02fbd35f7997f680b32d7a85c10510a9061721ca00250d81d4d20e8b34e9","","N/A","N/A"
"public/assets/flow/mascot/flow-default.webp","apps/frontend/public/assets/flow/mascot/flow-default.webp","EXCLUDED","H","Uncalled duplicate mascot pack excluded; active Flow artwork is resolved through the imported manifest","04272e3f2a7f5c16b70073faffb9ed1e610b74b4ed7232639799850860abe687","04272e3f2a7f5c16b70073faffb9ed1e610b74b4ed7232639799850860abe687","N/A","N/A"
"public/assets/flow/mascot/flow-error.webp","apps/frontend/public/assets/flow/mascot/flow-error.webp","EXCLUDED","H","Uncalled duplicate mascot pack excluded; active Flow artwork is resolved through the imported manifest","21744da88d5b47215177435f6377a3015e613db3ac9d1f6ce39cdb5d9ecdef0f","","N/A","N/A"
"public/assets/flow/mascot/flow-success.webp","apps/frontend/public/assets/flow/mascot/flow-success.webp","EXCLUDED","H","Uncalled duplicate mascot pack excluded; active Flow artwork is resolved through the imported manifest","813e9e989a96aa87d32e418bf9db6ec1837f4f5e9d4a5fb384e2efb2eda98098","","N/A","N/A"
"public/assets/flow/mascot/flow-support.webp","apps/frontend/public/assets/flow/mascot/flow-support.webp","EXCLUDED","H","Uncalled duplicate mascot pack excluded; active Flow artwork is resolved through the imported manifest","bb6f5bfcc7d7958c499b44fa823cadc0ac98825b80a3f6eb57df28abf2fab524","bb6f5bfcc7d7958c499b44fa823cadc0ac98825b80a3f6eb57df28abf2fab524","N/A","N/A"
"public/assets/flow/mascot/flow-thinking.webp","apps/frontend/public/assets/flow/mascot/flow-thinking.webp","EXCLUDED","H","Uncalled duplicate mascot pack excluded; active Flow artwork is resolved through the imported manifest","f41e36cc85773573d94b1792d093b2c550975909bc1dc760fb42f953c80c1894","","N/A","N/A"
"public/assets/flow/mascot/flow-warning.webp","apps/frontend/public/assets/flow/mascot/flow-warning.webp","EXCLUDED","H","Uncalled duplicate mascot pack excluded; active Flow artwork is resolved through the imported manifest","edec0847d411fa99af8fba741b2fdb67370ddd5e44c006fe27741fbe7dcbcf75","","N/A","N/A"
"public/assets/flow/mascot/flow-welcome.webp","apps/frontend/public/assets/flow/mascot/flow-welcome.webp","EXCLUDED","H","Uncalled duplicate mascot pack excluded; active Flow artwork is resolved through the imported manifest","20c3b233707b2e6874628680f809f24a807f84f906e9424cc94b1b802be726cc","","N/A","N/A"
"public/assets/flow/mascot/flow-working.webp","apps/frontend/public/assets/flow/mascot/flow-working.webp","EXCLUDED","H","Uncalled duplicate mascot pack excluded; active Flow artwork is resolved through the imported manifest","10ca5fcd729ccd9971e09df0cfb67782b46d7e9e6a032f1eefdfc5379f823cdd","","N/A","N/A"
"public/assets/flow/onboarding/flow-tour-activities.webp","apps/frontend/public/assets/flow/onboarding/flow-tour-activities.webp","VERBATIM","","SHA-256 identical","248a89280e8fc32d92bda76d5b6e09588041c0ce01fd3981dfaf41fcb5547877","248a89280e8fc32d92bda76d5b6e09588041c0ce01fd3981dfaf41fcb5547877","N/A","N/A"
"public/assets/flow/onboarding/flow-tour-calendar.webp","apps/frontend/public/assets/flow/onboarding/flow-tour-calendar.webp","VERBATIM","","SHA-256 identical","5be838b1aa58e15792741cb49da81cd503c6af206fb9316f8d570b1a2a4e2320","5be838b1aa58e15792741cb49da81cd503c6af206fb9316f8d570b1a2a4e2320","N/A","N/A"
"public/assets/flow/onboarding/flow-tour-client.webp","apps/frontend/public/assets/flow/onboarding/flow-tour-client.webp","VERBATIM","","SHA-256 identical","2b55bcfa8977c75cc070ae0b43dc22817ec486c4d6d80f4423344e24371ad665","2b55bcfa8977c75cc070ae0b43dc22817ec486c4d6d80f4423344e24371ad665","N/A","N/A"
"public/assets/flow/onboarding/flow-tour-commercial.webp","apps/frontend/public/assets/flow/onboarding/flow-tour-commercial.webp","VERBATIM","","SHA-256 identical","8cf727411c365d4e2b23e7011f32507af72af3b46677b6fba85dba9713c1c618","8cf727411c365d4e2b23e7011f32507af72af3b46677b6fba85dba9713c1c618","N/A","N/A"
"public/assets/flow/onboarding/flow-tour-dashboard.webp","apps/frontend/public/assets/flow/onboarding/flow-tour-dashboard.webp","VERBATIM","","SHA-256 identical","6d11de0fe51d203d6fee839d84f784ba49ff8a4c2ec11cbe5418092ee2407f76","6d11de0fe51d203d6fee839d84f784ba49ff8a4c2ec11cbe5418092ee2407f76","N/A","N/A"
"public/assets/flow/onboarding/flow-tour-finish.webp","apps/frontend/public/assets/flow/onboarding/flow-tour-finish.webp","VERBATIM","","SHA-256 identical","5241c8f53667f58bd5bfe344b683b670329ab6b4c69fb274dad441cec3f7c863","5241c8f53667f58bd5bfe344b683b670329ab6b4c69fb274dad441cec3f7c863","N/A","N/A"
"public/assets/flow/onboarding/flow-tour-help.webp","apps/frontend/public/assets/flow/onboarding/flow-tour-help.webp","VERBATIM","","SHA-256 identical","1d7e07b9438e037a758c47ad4b6ec3bd894ee7f0773604a989ded3b7e3f3d654","1d7e07b9438e037a758c47ad4b6ec3bd894ee7f0773604a989ded3b7e3f3d654","N/A","N/A"
"public/assets/flow/onboarding/flow-tour-notifications.webp","apps/frontend/public/assets/flow/onboarding/flow-tour-notifications.webp","VERBATIM","","SHA-256 identical","9895885e319ff07098ed48cad657faee91234423c55bd93be4ea7a2f0115e401","9895885e319ff07098ed48cad657faee91234423c55bd93be4ea7a2f0115e401","N/A","N/A"
"public/assets/flow/onboarding/flow-tour-projects.webp","apps/frontend/public/assets/flow/onboarding/flow-tour-projects.webp","VERBATIM","","SHA-256 identical","4f62a815a49a1bf176d59b19f5de5483ebc5e6bb955ab17dfb8f8cc8929f0c5b","4f62a815a49a1bf176d59b19f5de5483ebc5e6bb955ab17dfb8f8cc8929f0c5b","N/A","N/A"
"public/assets/flow/onboarding/flow-tour-search.webp","apps/frontend/public/assets/flow/onboarding/flow-tour-search.webp","VERBATIM","","SHA-256 identical","8156af0bf0a32ebab488a615c2c1fce1b53c33b1581c0a3ff49d0c411ff89046","8156af0bf0a32ebab488a615c2c1fce1b53c33b1581c0a3ff49d0c411ff89046","N/A","N/A"
"public/assets/flow/onboarding/flow-tour-team-space.webp","apps/frontend/public/assets/flow/onboarding/flow-tour-team-space.webp","VERBATIM","","SHA-256 identical","ef2040140cb204deaa0bca4601e98f0eae616bd1071201116686e3cf13041317","ef2040140cb204deaa0bca4601e98f0eae616bd1071201116686e3cf13041317","N/A","N/A"
"public/assets/flow/onboarding/flow-tour-welcome.webp","apps/frontend/public/assets/flow/onboarding/flow-tour-welcome.webp","VERBATIM","","SHA-256 identical","20c3b233707b2e6874628680f809f24a807f84f906e9424cc94b1b802be726cc","20c3b233707b2e6874628680f809f24a807f84f906e9424cc94b1b802be726cc","N/A","N/A"
"public/assets/flow/stickers/communication/flow-announcement.webp","apps/frontend/public/assets/flow/stickers/communication/flow-announcement.webp","VERBATIM","","SHA-256 identical","93049c7c249a9016dc5a7f9c5dc05d3108ec483f0c29422bf9c6b96dde0a8528","93049c7c249a9016dc5a7f9c5dc05d3108ec483f0c29422bf9c6b96dde0a8528","N/A","N/A"
"public/assets/flow/stickers/communication/flow-applause.webp","apps/frontend/public/assets/flow/stickers/communication/flow-applause.webp","VERBATIM","","SHA-256 identical","e4567ae83337b29dc1c555d7ede6e63cc1ea29966fd999f53c263a31c8d5a012","e4567ae83337b29dc1c555d7ede6e63cc1ea29966fd999f53c263a31c8d5a012","N/A","N/A"
"public/assets/flow/stickers/communication/flow-cool.webp","apps/frontend/public/assets/flow/stickers/communication/flow-cool.webp","VERBATIM","","SHA-256 identical","6c7fba05dccddb729d6c8b87cd65d8a90c1b746a47f15c1460fba1fe44401c6b","6c7fba05dccddb729d6c8b87cd65d8a90c1b746a47f15c1460fba1fe44401c6b","N/A","N/A"
"public/assets/flow/stickers/communication/flow-goodbye.webp","apps/frontend/public/assets/flow/stickers/communication/flow-goodbye.webp","VERBATIM","","SHA-256 identical","d175005535ff046ee142eb31917d84896a87a471fa0387981c575fbc0d46c2eb","d175005535ff046ee142eb31917d84896a87a471fa0387981c575fbc0d46c2eb","N/A","N/A"
"public/assets/flow/stickers/communication/flow-hello.webp","apps/frontend/public/assets/flow/stickers/communication/flow-hello.webp","VERBATIM","","SHA-256 identical","61298d60d7024d8d2d4071b0ca994035a0caad236e1f7db442615f8c2efa4e25","61298d60d7024d8d2d4071b0ca994035a0caad236e1f7db442615f8c2efa4e25","N/A","N/A"
"public/assets/flow/stickers/communication/flow-high-five.webp","apps/frontend/public/assets/flow/stickers/communication/flow-high-five.webp","VERBATIM","","SHA-256 identical","f3d673441dceade1f6855918dea79ce3ff32cc2aad4c756865944d480f9c00b8","f3d673441dceade1f6855918dea79ce3ff32cc2aad4c756865944d480f9c00b8","N/A","N/A"
"public/assets/flow/stickers/communication/flow-idea.webp","apps/frontend/public/assets/flow/stickers/communication/flow-idea.webp","VERBATIM","","SHA-256 identical","f9d43404b5536f873c926315220e9ebf2ed5310e05ce846a291654078b229003","f9d43404b5536f873c926315220e9ebf2ed5310e05ce846a291654078b229003","N/A","N/A"
"public/assets/flow/stickers/communication/flow-listening.webp","apps/frontend/public/assets/flow/stickers/communication/flow-listening.webp","VERBATIM","","SHA-256 identical","221e7b8533461ce37d87d45dfd8da3e1c36fbb4e9b9ad21e6088b9b1e0b58048","221e7b8533461ce37d87d45dfd8da3e1c36fbb4e9b9ad21e6088b9b1e0b58048","N/A","N/A"
"public/assets/flow/stickers/communication/flow-playful.webp","apps/frontend/public/assets/flow/stickers/communication/flow-playful.webp","VERBATIM","","SHA-256 identical","2a3384d315b056fcb0cfbc7b497816cb9decd0ec6fe765a60183f8f591237025","2a3384d315b056fcb0cfbc7b497816cb9decd0ec6fe765a60183f8f591237025","N/A","N/A"
"public/assets/flow/stickers/communication/flow-shush.webp","apps/frontend/public/assets/flow/stickers/communication/flow-shush.webp","VERBATIM","","SHA-256 identical","eacc9b9452fb91bc7ace1d2ba081616bc3a7f8b31779d3498b83bb90d80deb72","eacc9b9452fb91bc7ace1d2ba081616bc3a7f8b31779d3498b83bb90d80deb72","N/A","N/A"
"public/assets/flow/stickers/communication/flow-sorry.webp","apps/frontend/public/assets/flow/stickers/communication/flow-sorry.webp","VERBATIM","","SHA-256 identical","9708b25579e666dbacbc9e6f62ced868d74781f250b9320f928f2c337864845d","9708b25579e666dbacbc9e6f62ced868d74781f250b9320f928f2c337864845d","N/A","N/A"
"public/assets/flow/stickers/communication/flow-thanks.webp","apps/frontend/public/assets/flow/stickers/communication/flow-thanks.webp","VERBATIM","","SHA-256 identical","898c9e3888ebb44fd193768a7a843ef33b6a53481a7024217f808954d11378d5","898c9e3888ebb44fd193768a7a843ef33b6a53481a7024217f808954d11378d5","N/A","N/A"
"public/assets/flow/stickers/crm/flow-client-onboarding.webp","apps/frontend/public/assets/flow/stickers/crm/flow-client-onboarding.webp","VERBATIM","","SHA-256 identical","4f940e0d8b8d2b4672c1169669a6063fa8826854ee12c0f15029cfcb3ed89903","4f940e0d8b8d2b4672c1169669a6063fa8826854ee12c0f15029cfcb3ed89903","N/A","N/A"
"public/assets/flow/stickers/crm/flow-deal-lost.webp","apps/frontend/public/assets/flow/stickers/crm/flow-deal-lost.webp","VERBATIM","","SHA-256 identical","469406b05d8f8349237442c61c1d6e8c2b573bc6cd046f64a0999ff3225f016a","469406b05d8f8349237442c61c1d6e8c2b573bc6cd046f64a0999ff3225f016a","N/A","N/A"
"public/assets/flow/stickers/crm/flow-deal-won.webp","apps/frontend/public/assets/flow/stickers/crm/flow-deal-won.webp","VERBATIM","","SHA-256 identical","2bb0113a773646c3eb24262ec87e8c133ccec13981edd1549f780732f13d1165","2bb0113a773646c3eb24262ec87e8c133ccec13981edd1549f780732f13d1165","N/A","N/A"
"public/assets/flow/stickers/crm/flow-follow-up.webp","apps/frontend/public/assets/flow/stickers/crm/flow-follow-up.webp","VERBATIM","","SHA-256 identical","f3bc49d869e6bfd5d76b64e94f77530e1719c69d3a8324aca4fbf09286e15cf2","f3bc49d869e6bfd5d76b64e94f77530e1719c69d3a8324aca4fbf09286e15cf2","N/A","N/A"
"public/assets/flow/stickers/crm/flow-negotiation.webp","apps/frontend/public/assets/flow/stickers/crm/flow-negotiation.webp","VERBATIM","","SHA-256 identical","bbd6d2a02cce4aacb4469f7f7ee96788de9fbe0b3471dc8f345b45f4a6a47d0e","bbd6d2a02cce4aacb4469f7f7ee96788de9fbe0b3471dc8f345b45f4a6a47d0e","N/A","N/A"
"public/assets/flow/stickers/crm/flow-new-lead.webp","apps/frontend/public/assets/flow/stickers/crm/flow-new-lead.webp","VERBATIM","","SHA-256 identical","ca897efc6da50874a9566e2bbbffdd2f8f17fad42bd5bb68dac7a6e1392c3199","ca897efc6da50874a9566e2bbbffdd2f8f17fad42bd5bb68dac7a6e1392c3199","N/A","N/A"
"public/assets/flow/stickers/crm/flow-project-delivered.webp","apps/frontend/public/assets/flow/stickers/crm/flow-project-delivered.webp","VERBATIM","","SHA-256 identical","9bbbea15ab9c64e6f02f2869325952a846c2c6aa8eb8848af8b1a9984f04b157","9bbbea15ab9c64e6f02f2869325952a846c2c6aa8eb8848af8b1a9984f04b157","N/A","N/A"
"public/assets/flow/stickers/crm/flow-project-in-progress.webp","apps/frontend/public/assets/flow/stickers/crm/flow-project-in-progress.webp","VERBATIM","","SHA-256 identical","b390d3005534a6774dd45dd83054e9e330185e43aa703ad4b338952c6a71ec24","b390d3005534a6774dd45dd83054e9e330185e43aa703ad4b338952c6a71ec24","N/A","N/A"
"public/assets/flow/stickers/crm/flow-proposal-sent.webp","apps/frontend/public/assets/flow/stickers/crm/flow-proposal-sent.webp","VERBATIM","","SHA-256 identical","41e916336f2cf289e50f027f679f4ed03408dd2f5e6833dfaf6e6d0f552d9b03","41e916336f2cf289e50f027f679f4ed03408dd2f5e6833dfaf6e6d0f552d9b03","N/A","N/A"
"public/assets/flow/stickers/crm/flow-qualified.webp","apps/frontend/public/assets/flow/stickers/crm/flow-qualified.webp","VERBATIM","","SHA-256 identical","4da6091b96ff2db5fc2ae18ad470deb6658dcec79440b1153918286874a4887b","4da6091b96ff2db5fc2ae18ad470deb6658dcec79440b1153918286874a4887b","N/A","N/A"
"public/assets/flow/stickers/crm/flow-ticket-solved.webp","apps/frontend/public/assets/flow/stickers/crm/flow-ticket-solved.webp","VERBATIM","","SHA-256 identical","bb6f5bfcc7d7958c499b44fa823cadc0ac98825b80a3f6eb57df28abf2fab524","bb6f5bfcc7d7958c499b44fa823cadc0ac98825b80a3f6eb57df28abf2fab524","N/A","N/A"
"public/assets/flow/stickers/crm/flow-waiting-materials.webp","apps/frontend/public/assets/flow/stickers/crm/flow-waiting-materials.webp","VERBATIM","","SHA-256 identical","23f77d3f28b111680d5b8a0bb8fbde87f1ff214037830f68c80712dd6df2eb42","23f77d3f28b111680d5b8a0bb8fbde87f1ff214037830f68c80712dd6df2eb42","N/A","N/A"
"public/assets/flow/stickers/emotions/flow-angry.webp","apps/frontend/public/assets/flow/stickers/emotions/flow-angry.webp","VERBATIM","","SHA-256 identical","026e8c14af632b84b0097a57b8232962f5e16b1929f0c020c34eab9f59be0268","026e8c14af632b84b0097a57b8232962f5e16b1929f0c020c34eab9f59be0268","N/A","N/A"
"public/assets/flow/stickers/emotions/flow-approved.webp","apps/frontend/public/assets/flow/stickers/emotions/flow-approved.webp","VERBATIM","","SHA-256 identical","e1c6f842914e108d145e282a8f40e3a3c54efd7233866b91843d545655fa673a","e1c6f842914e108d145e282a8f40e3a3c54efd7233866b91843d545655fa673a","N/A","N/A"
"public/assets/flow/stickers/emotions/flow-bored.webp","apps/frontend/public/assets/flow/stickers/emotions/flow-bored.webp","VERBATIM","","SHA-256 identical","d422ad1e53e40eb9ca106391cbeaa6153c1dcf59a391b6d9ca86b82af3f57972","d422ad1e53e40eb9ca106391cbeaa6153c1dcf59a391b6d9ca86b82af3f57972","N/A","N/A"
"public/assets/flow/stickers/emotions/flow-celebrate.webp","apps/frontend/public/assets/flow/stickers/emotions/flow-celebrate.webp","VERBATIM","","SHA-256 identical","6d9e02fbd35f7997f680b32d7a85c10510a9061721ca00250d81d4d20e8b34e9","6d9e02fbd35f7997f680b32d7a85c10510a9061721ca00250d81d4d20e8b34e9","N/A","N/A"
"public/assets/flow/stickers/emotions/flow-cry.webp","apps/frontend/public/assets/flow/stickers/emotions/flow-cry.webp","VERBATIM","","SHA-256 identical","9fe95a5bdf1641691e47c0a595c029de77c81f0326639e6e7ea02f4ab066c9f4","9fe95a5bdf1641691e47c0a595c029de77c81f0326639e6e7ea02f4ab066c9f4","N/A","N/A"
"public/assets/flow/stickers/emotions/flow-daje.webp","apps/frontend/public/assets/flow/stickers/emotions/flow-daje.webp","VERBATIM","","SHA-256 identical","772247488a175a3b31507f046bed35dd0a113398120c8dc0add4124cb2c5224b","772247488a175a3b31507f046bed35dd0a113398120c8dc0add4124cb2c5224b","N/A","N/A"
"public/assets/flow/stickers/emotions/flow-embarrassed.webp","apps/frontend/public/assets/flow/stickers/emotions/flow-embarrassed.webp","VERBATIM","","SHA-256 identical","d89d84ec45f48da27fdb377e784ffccc45f376032116b403ace90eb751be48d0","d89d84ec45f48da27fdb377e784ffccc45f376032116b403ace90eb751be48d0","N/A","N/A"
"public/assets/flow/stickers/emotions/flow-happy.webp","apps/frontend/public/assets/flow/stickers/emotions/flow-happy.webp","VERBATIM","","SHA-256 identical","04272e3f2a7f5c16b70073faffb9ed1e610b74b4ed7232639799850860abe687","04272e3f2a7f5c16b70073faffb9ed1e610b74b4ed7232639799850860abe687","N/A","N/A"
"public/assets/flow/stickers/emotions/flow-kiss.webp","apps/frontend/public/assets/flow/stickers/emotions/flow-kiss.webp","VERBATIM","","SHA-256 identical","0e2d57047d5035c15d5e6f3a30c7abec70c03a732f318b75fc4034efbd03f511","0e2d57047d5035c15d5e6f3a30c7abec70c03a732f318b75fc4034efbd03f511","N/A","N/A"
"public/assets/flow/stickers/emotions/flow-laugh.webp","apps/frontend/public/assets/flow/stickers/emotions/flow-laugh.webp","VERBATIM","","SHA-256 identical","baede9f5af8fa610b4d65bd67fe4a9910673cafc690a3d366c165d25f8d525a2","baede9f5af8fa610b4d65bd67fe4a9910673cafc690a3d366c165d25f8d525a2","N/A","N/A"
"public/assets/flow/stickers/emotions/flow-love.webp","apps/frontend/public/assets/flow/stickers/emotions/flow-love.webp","VERBATIM","","SHA-256 identical","33bd5df734ac813019339ca542345d2efd07f285feb66a89a0dad8c9ec63eb69","33bd5df734ac813019339ca542345d2efd07f285feb66a89a0dad8c9ec63eb69","N/A","N/A"
"public/assets/flow/stickers/emotions/flow-meditate.webp","apps/frontend/public/assets/flow/stickers/emotions/flow-meditate.webp","VERBATIM","","SHA-256 identical","595a087b6cb4009275fbb84b9af9ea825b87c33b457e0fa8ea6d172db7698d3e","595a087b6cb4009275fbb84b9af9ea825b87c33b457e0fa8ea6d172db7698d3e","N/A","N/A"
"public/assets/flow/stickers/emotions/flow-proud.webp","apps/frontend/public/assets/flow/stickers/emotions/flow-proud.webp","VERBATIM","","SHA-256 identical","b2f425024173dd9799e39d1f81f59d5190862dff9dd0be3554f05e645795647f","b2f425024173dd9799e39d1f81f59d5190862dff9dd0be3554f05e645795647f","N/A","N/A"
"public/assets/flow/stickers/emotions/flow-scared.webp","apps/frontend/public/assets/flow/stickers/emotions/flow-scared.webp","VERBATIM","","SHA-256 identical","7cd51206cd9d6fce2453a7f3009205fdbe0c1fd873e79add8c8619037c878b4d","7cd51206cd9d6fce2453a7f3009205fdbe0c1fd873e79add8c8619037c878b4d","N/A","N/A"
"public/assets/flow/stickers/emotions/flow-shocked.webp","apps/frontend/public/assets/flow/stickers/emotions/flow-shocked.webp","VERBATIM","","SHA-256 identical","1c2db215e3ce6e0ae13aa9029ae531e2744381f6003f2b04e0982098efe0cfc7","1c2db215e3ce6e0ae13aa9029ae531e2744381f6003f2b04e0982098efe0cfc7","N/A","N/A"
"public/assets/flow/stickers/emotions/flow-shy.webp","apps/frontend/public/assets/flow/stickers/emotions/flow-shy.webp","VERBATIM","","SHA-256 identical","09e77de40bac937405b2b29869f2f39c722b33433010113588677f61581fc83b","09e77de40bac937405b2b29869f2f39c722b33433010113588677f61581fc83b","N/A","N/A"
"public/assets/flow/stickers/emotions/flow-sick.webp","apps/frontend/public/assets/flow/stickers/emotions/flow-sick.webp","VERBATIM","","SHA-256 identical","511fe3d93e416342a20e951fdaa94d26fa743fca49936189103560461ea2df01","511fe3d93e416342a20e951fdaa94d26fa743fca49936189103560461ea2df01","N/A","N/A"
"public/assets/flow/stickers/emotions/flow-skeptical.webp","apps/frontend/public/assets/flow/stickers/emotions/flow-skeptical.webp","VERBATIM","","SHA-256 identical","e88418a9cbbd7207b62bf5ae20e7fa8ab6b6458b532b79b812ebbd7856f990bd","e88418a9cbbd7207b62bf5ae20e7fa8ab6b6458b532b79b812ebbd7856f990bd","N/A","N/A"
"public/assets/flow/stickers/emotions/flow-sleepy.webp","apps/frontend/public/assets/flow/stickers/emotions/flow-sleepy.webp","VERBATIM","","SHA-256 identical","d96ad006411b8e6fb2f566dfb7d6e551f67fcc55dd79f4f0d0a0559a9845b73c","d96ad006411b8e6fb2f566dfb7d6e551f67fcc55dd79f4f0d0a0559a9845b73c","N/A","N/A"
"public/assets/flow/stickers/emotions/flow-studying.webp","apps/frontend/public/assets/flow/stickers/emotions/flow-studying.webp","VERBATIM","","SHA-256 identical","31f1833c4edc2083388dbf9a4178c235d7dd60358473c6b48421819d17182dc6","31f1833c4edc2083388dbf9a4178c235d7dd60358473c6b48421819d17182dc6","N/A","N/A"
"public/assets/flow/stickers/emotions/flow-thinking.webp","apps/frontend/public/assets/flow/stickers/emotions/flow-thinking.webp","VERBATIM","","SHA-256 identical","f41e36cc85773573d94b1792d093b2c550975909bc1dc760fb42f953c80c1894","f41e36cc85773573d94b1792d093b2c550975909bc1dc760fb42f953c80c1894","N/A","N/A"
"public/assets/flow/stickers/emotions/flow-urgent.webp","apps/frontend/public/assets/flow/stickers/emotions/flow-urgent.webp","VERBATIM","","SHA-256 identical","a0c3b9e6d45fbeb5772ea00af8d498c10246d768f750aeb2881ab74d98807972","a0c3b9e6d45fbeb5772ea00af8d498c10246d768f750aeb2881ab74d98807972","N/A","N/A"
"public/assets/flow/stickers/emotions/flow-wink.webp","apps/frontend/public/assets/flow/stickers/emotions/flow-wink.webp","VERBATIM","","SHA-256 identical","bea87d709a17ca2016e5a19a97ecb17b784a89a08b4a8e9abf9c8044ee375203","bea87d709a17ca2016e5a19a97ecb17b784a89a08b4a8e9abf9c8044ee375203","N/A","N/A"
"public/assets/flow/stickers/emotions/flow-working.webp","apps/frontend/public/assets/flow/stickers/emotions/flow-working.webp","VERBATIM","","SHA-256 identical","b1d1d96b758c810dda2f69d7a912d791a684405055e7383ded813a09610cea1b","b1d1d96b758c810dda2f69d7a912d791a684405055e7383ded813a09610cea1b","N/A","N/A"
"public/assets/flow/stickers/work/flow-bug-fix.webp","apps/frontend/public/assets/flow/stickers/work/flow-bug-fix.webp","VERBATIM","","SHA-256 identical","dec91484a9df1464a72458d4966b30a3c225c584327accdfd30d883dd8249973","dec91484a9df1464a72458d4966b30a3c225c584327accdfd30d883dd8249973","N/A","N/A"
"public/assets/flow/stickers/work/flow-coding.webp","apps/frontend/public/assets/flow/stickers/work/flow-coding.webp","VERBATIM","","SHA-256 identical","10ca5fcd729ccd9971e09df0cfb67782b46d7e9e6a032f1eefdfc5379f823cdd","10ca5fcd729ccd9971e09df0cfb67782b46d7e9e6a032f1eefdfc5379f823cdd","N/A","N/A"
"public/assets/flow/stickers/work/flow-coffee-break.webp","apps/frontend/public/assets/flow/stickers/work/flow-coffee-break.webp","VERBATIM","","SHA-256 identical","6454d02ff2b7ebb3e4be3b438a3c156e8efa75c7534c2895eb4078a13967ff3e","6454d02ff2b7ebb3e4be3b438a3c156e8efa75c7534c2895eb4078a13967ff3e","N/A","N/A"
"public/assets/flow/stickers/work/flow-contract-signed.webp","apps/frontend/public/assets/flow/stickers/work/flow-contract-signed.webp","VERBATIM","","SHA-256 identical","31883a36f15d4203786fed8ed561f90e279b51f5ccd22d9cc016a9993a167ddb","31883a36f15d4203786fed8ed561f90e279b51f5ccd22d9cc016a9993a167ddb","N/A","N/A"
"public/assets/flow/stickers/work/flow-deadline.webp","apps/frontend/public/assets/flow/stickers/work/flow-deadline.webp","VERBATIM","","SHA-256 identical","73d8bf98aaa535926a6f938718302d8953fc4fc93c66360c9bf3396e1c1a04b3","73d8bf98aaa535926a6f938718302d8953fc4fc93c66360c9bf3396e1c1a04b3","N/A","N/A"
"public/assets/flow/stickers/work/flow-exhausted.webp","apps/frontend/public/assets/flow/stickers/work/flow-exhausted.webp","VERBATIM","","SHA-256 identical","a1d9a8f2bea0bf3d2a4159761135285b165b68d22fd463f4618f3e9bc6f8cf1d","a1d9a8f2bea0bf3d2a4159761135285b165b68d22fd463f4618f3e9bc6f8cf1d","N/A","N/A"
"public/assets/flow/stickers/work/flow-materials-received.webp","apps/frontend/public/assets/flow/stickers/work/flow-materials-received.webp","VERBATIM","","SHA-256 identical","88c4bba7dcb934a2fe76d656451c30d72c6574858427eb52b78e929703c89e99","88c4bba7dcb934a2fe76d656451c30d72c6574858427eb52b78e929703c89e99","N/A","N/A"
"public/assets/flow/stickers/work/flow-payment-received.webp","apps/frontend/public/assets/flow/stickers/work/flow-payment-received.webp","VERBATIM","","SHA-256 identical","0059ef954f33df932c50ec2f2b808a49a6264fd1c01c4bcb8e8c2903fed1602f","0059ef954f33df932c50ec2f2b808a49a6264fd1c01c4bcb8e8c2903fed1602f","N/A","N/A"
"public/assets/flow/stickers/work/flow-phone-call.webp","apps/frontend/public/assets/flow/stickers/work/flow-phone-call.webp","VERBATIM","","SHA-256 identical","167e1ddb7a6bc9674010b05c336da0b5f6edc846d7cf278b2fb8efaaac3ae717","167e1ddb7a6bc9674010b05c336da0b5f6edc846d7cf278b2fb8efaaac3ae717","N/A","N/A"
"public/assets/flow/stickers/work/flow-project-planning.webp","apps/frontend/public/assets/flow/stickers/work/flow-project-planning.webp","VERBATIM","","SHA-256 identical","25a55740ea40d6c810931fffff23d441b6743ce3326a51cc2d1615590e8e46bb","25a55740ea40d6c810931fffff23d441b6743ce3326a51cc2d1615590e8e46bb","N/A","N/A"
"public/assets/flow/stickers/work/flow-sales-presentation.webp","apps/frontend/public/assets/flow/stickers/work/flow-sales-presentation.webp","VERBATIM","","SHA-256 identical","89c414e1b3d659f6b0e75926db80bd0b4a49fb2bd1df15bedeabf183ab2fad78","89c414e1b3d659f6b0e75926db80bd0b4a49fb2bd1df15bedeabf183ab2fad78","N/A","N/A"
"public/assets/flow/stickers/work/flow-video-call.webp","apps/frontend/public/assets/flow/stickers/work/flow-video-call.webp","VERBATIM","","SHA-256 identical","193d9ac41fd727a2dfa7e9152ffdd50498626b0cceb633b55f456484d62ac382","193d9ac41fd727a2dfa7e9152ffdd50498626b0cceb633b55f456484d62ac382","N/A","N/A"
"public/assets/flow/system/flow-access-denied.webp","apps/frontend/public/assets/flow/system/flow-access-denied.webp","VERBATIM","","SHA-256 identical","1ceeff8790d0a49c8a7dbe03cad8243823925549695edd90441a9b770882d59a","1ceeff8790d0a49c8a7dbe03cad8243823925549695edd90441a9b770882d59a","N/A","N/A"
"public/assets/flow/system/flow-critical-error.webp","apps/frontend/public/assets/flow/system/flow-critical-error.webp","VERBATIM","","SHA-256 identical","21744da88d5b47215177435f6377a3015e613db3ac9d1f6ce39cdb5d9ecdef0f","21744da88d5b47215177435f6377a3015e613db3ac9d1f6ce39cdb5d9ecdef0f","N/A","N/A"
"public/assets/flow/system/flow-integration-required.webp","apps/frontend/public/assets/flow/system/flow-integration-required.webp","VERBATIM","","SHA-256 identical","5287ec115967e597cc9f65bb219dd395ffef4ffca7fbfffd5be58e89688a1230","5287ec115967e597cc9f65bb219dd395ffef4ffca7fbfffd5be58e89688a1230","N/A","N/A"
"public/assets/flow/system/flow-loading.webp","apps/frontend/public/assets/flow/system/flow-loading.webp","VERBATIM","","SHA-256 identical","2356f7512f20aedb53e341b83c21b16f35c02381b422ea627d0a50f53541c1ec","2356f7512f20aedb53e341b83c21b16f35c02381b422ea627d0a50f53541c1ec","N/A","N/A"
"public/assets/flow/system/flow-maintenance.webp","apps/frontend/public/assets/flow/system/flow-maintenance.webp","VERBATIM","","SHA-256 identical","06070d6b557590253e481f1241b003d18c8f04ebdea60b79ff078df994bb009f","06070d6b557590253e481f1241b003d18c8f04ebdea60b79ff078df994bb009f","N/A","N/A"
"public/assets/flow/system/flow-offline.webp","apps/frontend/public/assets/flow/system/flow-offline.webp","VERBATIM","","SHA-256 identical","9a23bbac6895e6f788b3b7b295c1da1f082aba86e30f6443d6373772a6a61b02","9a23bbac6895e6f788b3b7b295c1da1f082aba86e30f6443d6373772a6a61b02","N/A","N/A"
"public/assets/flow/system/flow-page-not-found.webp","apps/frontend/public/assets/flow/system/flow-page-not-found.webp","VERBATIM","","SHA-256 identical","4e07eee300478a914150a526f40b3b251e20ecd11d3f4b0e62b11bb32c1491f4","4e07eee300478a914150a526f40b3b251e20ecd11d3f4b0e62b11bb32c1491f4","N/A","N/A"
"public/assets/flow/system/flow-secure-success.webp","apps/frontend/public/assets/flow/system/flow-secure-success.webp","VERBATIM","","SHA-256 identical","813e9e989a96aa87d32e418bf9db6ec1837f4f5e9d4a5fb384e2efb2eda98098","813e9e989a96aa87d32e418bf9db6ec1837f4f5e9d4a5fb384e2efb2eda98098","N/A","N/A"
"public/assets/flow/system/flow-sync-error.webp","apps/frontend/public/assets/flow/system/flow-sync-error.webp","VERBATIM","","SHA-256 identical","4b5953d3445bd1f813faae8c269ca523179566579e7a0fa342f6aa4623e6ea99","4b5953d3445bd1f813faae8c269ca523179566579e7a0fa342f6aa4623e6ea99","N/A","N/A"
"public/assets/flow/system/flow-system-operational.webp","apps/frontend/public/assets/flow/system/flow-system-operational.webp","VERBATIM","","SHA-256 identical","6e6e1a87a50482102b858e7bc243832bc89e38be3af585b11324cdff5d5255a1","6e6e1a87a50482102b858e7bc243832bc89e38be3af585b11324cdff5d5255a1","N/A","N/A"
"public/assets/flow/system/flow-warning.webp","apps/frontend/public/assets/flow/system/flow-warning.webp","VERBATIM","","SHA-256 identical","edec0847d411fa99af8fba741b2fdb67370ddd5e44c006fe27741fbe7dcbcf75","edec0847d411fa99af8fba741b2fdb67370ddd5e44c006fe27741fbe7dcbcf75","N/A","N/A"
"public/assets/flow/system/flow-welcome-back.webp","apps/frontend/public/assets/flow/system/flow-welcome-back.webp","VERBATIM","","SHA-256 identical","5e4be1b7dd78099b6badbe0ad83496a7511f4f0f3f64d6b14e4103d3b1b616fc","5e4be1b7dd78099b6badbe0ad83496a7511f4f0f3f64d6b14e4103d3b1b616fc","N/A","N/A"
"public/brand/logo_doflow_bianco.svg","apps/frontend/public/brand/logo_doflow_bianco.svg","VERBATIM","","SHA-256 identical","9b89d75f7a1df605be967669fd2c53d7b36d3e00442c56e3f3f8d2df52a0dda4","9b89d75f7a1df605be967669fd2c53d7b36d3e00442c56e3f3f8d2df52a0dda4","N/A","N/A"
"public/brand/logo_doflow_nero.svg","apps/frontend/public/brand/logo_doflow_nero.svg","VERBATIM","","SHA-256 identical","86cc9353a2ddfe2c21b6ebe922b12467a124d6c34f3b99d209053cae9d939701","86cc9353a2ddfe2c21b6ebe922b12467a124d6c34f3b99d209053cae9d939701","N/A","N/A"
"public/brand/marchio_logo_bianco.svg","apps/frontend/public/brand/marchio_logo_bianco.svg","VERBATIM","","SHA-256 identical","5afa05da669d1ccc05d6ffe4b3b3bf77d6b38548a486d819bed2e8715ee73ea5","5afa05da669d1ccc05d6ffe4b3b3bf77d6b38548a486d819bed2e8715ee73ea5","N/A","N/A"
"public/brand/marchio_logo_nero.svg","apps/frontend/public/brand/marchio_logo_nero.svg","VERBATIM","","SHA-256 identical","6ca38486cdd9ac17d77da7150bdea170da0eb1c16a9641caa14a486b423b8c1e","6ca38486cdd9ac17d77da7150bdea170da0eb1c16a9641caa14a486b423b8c1e","N/A","N/A"
"public/file.svg","apps/frontend/public/file.svg","EXCLUDED","H","Unused framework starter asset excluded from the direct port","2b67812c325c199a02536cdbeea0c593a72f707d323b72ee3e08dbab06753bd4","6b1367da9fccffd50a88fae019db8f649c8cc4c2c35aaf7ceedef85a8269c92f","N/A","N/A"
"public/globe.svg","apps/frontend/public/globe.svg","EXCLUDED","H","Unused framework starter asset excluded from the direct port","b614b9bf183925957661ac851498fe1d8029fd43a62fbfed86f9e2624a57e7cf","594f70c173a328a516b8e0de546789ddcb5edbe2605bf8464e482523ae49a6ba","N/A","N/A"
"public/next.svg","apps/frontend/public/next.svg","EXCLUDED","H","Unused framework starter asset excluded from the direct port","55995dfad6ecb4945a1e856ddca03c5e16aa5bf13fd21b4df6a74ae79357bcfc","04c959817f32540114a5ac27ae6ffe3d204da2f10d8b386a20e37c2b7108c5ec","N/A","N/A"
"public/vercel.svg","apps/frontend/public/vercel.svg","EXCLUDED","H","Unused framework starter asset excluded from the direct port","f081337b2fee635b455b63275406a3e7f39d6a014e25ad90dab5a67e62a12ac4","11a70dda0e7da667141044beba812d93dda6e529066ab961f71932993963b956","N/A","N/A"
"public/window.svg","apps/frontend/public/window.svg","EXCLUDED","H","Unused framework starter asset excluded from the direct port","644768c4aaeb4767bce293344eeb0c125fb804a94d801440424072202d85e3a1","238784b33bb811ecb7f1b018aa089c124da4214cabfc161bdf97e255fdb93517","N/A","N/A"
"src/app/activities/[activityId]/page.tsx","apps/frontend/src/app/(tenant)/activities/[activityId]/page.tsx","VERBATIM","","SHA-256 identical","2b2f3fb7ec0f3c4ab930a76d9921a835b64c8c4f8fff3a814f2c731cf08dfffa","2b2f3fb7ec0f3c4ab930a76d9921a835b64c8c4f8fff3a814f2c731cf08dfffa","N/A","N/A"
"src/app/api/auth/login/route.ts","apps/frontend/src/app/api/auth/login/route.ts","EXCLUDED","A","D3CC801 AUTHORITY: reference auth API excluded","e43ca812c2069748533b57b9b18d1b17e65f9c746577ea8e8780de9065b5a4e9","","N/A","N/A"
"src/app/api/auth/password/forgot/route.ts","apps/frontend/src/app/api/auth/password/forgot/route.ts","EXCLUDED","A","D3CC801 AUTHORITY: reference auth API excluded","9c174eb02d63a8153f080a16239ac9702c8bf6bbbf01c4b432d351a6f1f62b0b","","N/A","N/A"
"src/app/api/auth/password/reset/route.ts","apps/frontend/src/app/api/auth/password/reset/route.ts","EXCLUDED","A","D3CC801 AUTHORITY: reference auth API excluded","1cba7d433e5cc96600c42b44b03bd367bd966e8ec074d286a094cb45e90c3f56","","N/A","N/A"
"src/app/api/auth/session/route.ts","apps/frontend/src/app/api/auth/session/route.ts","EXCLUDED","A","D3CC801 AUTHORITY: reference auth API excluded","6f75a1ac7a5403884446aadcc1b38f1f2deac5ec784a1823b0acfe3d5cbefa13","","N/A","N/A"
"src/app/api/bonus/route.ts","apps/frontend/src/app/api/bonus/route.ts","EXCLUDED","E","Nest backend/API authority; Next business API excluded","b70b36744a1a72c253a8664ed9aadb16bea22ce9a4995583f9fbfe1a4a717990","","N/A","N/A"
"src/app/api/calendar-integrations/google/callback/route.ts","apps/frontend/src/app/api/calendar-integrations/google/callback/route.ts","EXCLUDED","E","Nest backend/API authority; Next business API excluded","0e162cfd353c4df11981c4847dc3cf2a3af89255f68d072b757ac10f56b886e5","","N/A","N/A"
"src/app/api/calendar-integrations/google/connect/route.ts","apps/frontend/src/app/api/calendar-integrations/google/connect/route.ts","EXCLUDED","E","Nest backend/API authority; Next business API excluded","2125f822fece6005f3545b8c33f2673171a53c6997b9f7a511a58535c7cb7a60","","N/A","N/A"
"src/app/api/calendar-integrations/ics/[token]/route.ts","apps/frontend/src/app/api/calendar-integrations/ics/[token]/route.ts","EXCLUDED","E","Nest backend/API authority; Next business API excluded","492d9dafab7a581da9fb16b286be5af22581d799f285ae397f1ce987ffc8be49","","N/A","N/A"
"src/app/api/calendar-integrations/route.ts","apps/frontend/src/app/api/calendar-integrations/route.ts","EXCLUDED","E","Nest backend/API authority; Next business API excluded","79d263c8d4ff4a63b409f15b2d10b3cc42eee508d8107d300e093c0685b3a2f9","","N/A","N/A"
"src/app/api/company-intelligence/route.ts","apps/frontend/src/app/api/company-intelligence/route.ts","EXCLUDED","E","Nest backend/API authority; Next business API excluded","d3c60670879424737f2f36e82636da36dab2ca15e6262ecd59dd4c11a3d923f0","","N/A","N/A"
"src/app/api/conversations/route.ts","apps/frontend/src/app/api/conversations/route.ts","EXCLUDED","E","Nest backend/API authority; Next business API excluded","99bcdf478b89c2c609dffb140288396647b9d9f046a3cc89bc2412712ab576eb","","N/A","N/A"
"src/app/api/flow-preferences/route.ts","apps/frontend/src/app/api/flow-preferences/route.ts","EXCLUDED","E","Nest backend/API authority; Next business API excluded","71e47fe07b67fe20116754047a8b532b490c6df2a57f8a374bc5fddf88bd389f","","N/A","N/A"
"src/app/api/flowboard/route.ts","apps/frontend/src/app/api/flowboard/route.ts","EXCLUDED","E","Nest backend/API authority; Next business API excluded","c38fe1ae929ac337e44f0463c619bd17794724b3d48eacf6334c8f8288707de6","","N/A","N/A"
"src/app/api/inbox/route.ts","apps/frontend/src/app/api/inbox/route.ts","EXCLUDED","E","Nest backend/API authority; Next business API excluded","f202c7a5e710da9324075cd072a6832b79483e92ff4ecdcb6bd605405360f069","","N/A","N/A"
"src/app/api/presence/route.ts","apps/frontend/src/app/api/presence/route.ts","EXCLUDED","E","Nest backend/API authority; Next business API excluded","9e2b30bd23d16fa8f66443bd27c8034a53bd937c6b33e1c458d44a9269eda193","","N/A","N/A"
"src/app/api/releases/route.ts","apps/frontend/src/app/api/releases/route.ts","EXCLUDED","E","Nest backend/API authority; Next business API excluded","7817315ca3619251450cc4e169ec5404753a704a520e1a69f448b238935a0d43","","N/A","N/A"
"src/app/api/team-chat/route.ts","apps/frontend/src/app/api/team-chat/route.ts","EXCLUDED","E","Nest backend/API authority; Next business API excluded","b598dfa662e311c95d279220e19699636092b8d9b409605718346c9e03016450","","N/A","N/A"
"src/app/api/team-space/session/route.ts","apps/frontend/src/app/api/team-space/session/route.ts","EXCLUDED","E","Nest backend/API authority; Next business API excluded","5fb480865dc1fe755688ebddb0803580f148293903f609fa03880c80ea364544","","N/A","N/A"
"src/app/api/team-space/token/route.ts","apps/frontend/src/app/api/team-space/token/route.ts","EXCLUDED","E","Nest backend/API authority; Next business API excluded","d0dd256a0bdc50083bbcae424bc0aa5a110856ac236bd943fdfdc1443108c470","","N/A","N/A"
"src/app/dashboard/archivio/page.tsx","apps/frontend/src/app/(tenant)/dashboard/archivio/page.tsx","VERBATIM","","SHA-256 identical","7bd008865063b03eb0bffd0f13388e6d08f7cf3d8b376f7aff3664890639335f","7bd008865063b03eb0bffd0f13388e6d08f7cf3d8b376f7aff3664890639335f","N/A","N/A"
"src/app/dashboard/attivita/page.tsx","apps/frontend/src/app/(tenant)/dashboard/attivita/page.tsx","VERBATIM","","SHA-256 identical","95f2525c54a8011616a129a4bbd0cf24be0549668c5492d5893e083ea208b5c1","95f2525c54a8011616a129a4bbd0cf24be0549668c5492d5893e083ea208b5c1","N/A","N/A"
"src/app/dashboard/automazioni/page.tsx","apps/frontend/src/app/(tenant)/dashboard/automazioni/page.tsx","VERBATIM","","SHA-256 identical","5bcce3ff99f294b28dbd2befc7f87e6b6fe41e8ab407250a84038240f5ff3b0b","5bcce3ff99f294b28dbd2befc7f87e6b6fe41e8ab407250a84038240f5ff3b0b","N/A","N/A"
"src/app/dashboard/bonus/page.tsx","apps/frontend/src/app/(tenant)/dashboard/bonus/page.tsx","VERBATIM","","SHA-256 identical","b4c0f68428bd569c329040b1db372b7a8dc77507305d77150befd6d693ba26d1","b4c0f68428bd569c329040b1db372b7a8dc77507305d77150befd6d693ba26d1","N/A","N/A"
"src/app/dashboard/calendario/page.tsx","apps/frontend/src/app/(tenant)/dashboard/calendario/page.tsx","VERBATIM","","SHA-256 identical","000a73cdb0c732392c320425c0659192698bb11b4aa68d84b9e2806354b99f84","000a73cdb0c732392c320425c0659192698bb11b4aa68d84b9e2806354b99f84","N/A","N/A"
"src/app/dashboard/campagne/page.tsx","apps/frontend/src/app/(tenant)/dashboard/campagne/page.tsx","VERBATIM","","SHA-256 identical","c271a9fc3249050c6935867e1e14a6eb5d8739a2afd69130711d0d34f42066c5","c271a9fc3249050c6935867e1e14a6eb5d8739a2afd69130711d0d34f42066c5","N/A","N/A"
"src/app/dashboard/catalogo/page.tsx","apps/frontend/src/app/(tenant)/dashboard/catalogo/page.tsx","VERBATIM","","SHA-256 identical","a47aac7930d5d85aa285b209348856c0bf7fed62a4371323b1a716d149f905e0","a47aac7930d5d85aa285b209348856c0bf7fed62a4371323b1a716d149f905e0","N/A","N/A"
"src/app/dashboard/clienti/[clientId]/page.tsx","apps/frontend/src/app/(tenant)/dashboard/clienti/[clientId]/page.tsx","VERBATIM","","SHA-256 identical","194b1bc088faa0b3469d0e1d367e21f89ea36a805e4858303b60898d1f0793ee","194b1bc088faa0b3469d0e1d367e21f89ea36a805e4858303b60898d1f0793ee","N/A","N/A"
"src/app/dashboard/clienti/page.tsx","apps/frontend/src/app/(tenant)/dashboard/clienti/page.tsx","VERBATIM","","SHA-256 identical","448c12b7a856dc4ea7f5ffb3bd48eb8f3251fcdb75afd1bf737f4726ffdd08a2","448c12b7a856dc4ea7f5ffb3bd48eb8f3251fcdb75afd1bf737f4726ffdd08a2","N/A","N/A"
"src/app/dashboard/commercial/leads/[leadId]/page.tsx","apps/frontend/src/app/(tenant)/dashboard/commercial/leads/[leadId]/page.tsx","VISUAL_VERBATIM_DATA_ADAPTER","E,F,H","Tenant route and real-data adapter","38fb7359b3aa65ace2f177b6cd1363bd53e3378f6a342eab6b4e47688bc75ac8","f57fe566ce1383f0622eb0a569412e64f57198dabe7baf08256920444bbca2ce","PASS","PASS"
"src/app/dashboard/commercial/leads/page.tsx","apps/frontend/src/app/(tenant)/dashboard/commercial/leads/page.tsx","VISUAL_VERBATIM_DATA_ADAPTER","E,F,H","Tenant route and real-data adapter","b36f4787d3da4684904574af9019bea740e50705be5768c390af8a50e09d9da3","22fd58f54c8787c9fdbe2ce67e3aa4baffec40d7e4b0e728846c5e73698f3c8e","PASS","PASS"
"src/app/dashboard/commercial/page.tsx","apps/frontend/src/app/(tenant)/dashboard/commercial/page.tsx","VERBATIM","","SHA-256 identical","6ed412e20bdfc1a8d8021b7fb13d261eae6a68b5bc1081050077128b0ecd7221","6ed412e20bdfc1a8d8021b7fb13d261eae6a68b5bc1081050077128b0ecd7221","N/A","N/A"
"src/app/dashboard/commercial/pipeline/page.tsx","apps/frontend/src/app/(tenant)/dashboard/commercial/pipeline/page.tsx","VERBATIM","","SHA-256 identical","4db2b75b19f3dd7fc867920516995825bf4c242e6ab873709b4dfdef9918c9e7","4db2b75b19f3dd7fc867920516995825bf4c242e6ab873709b4dfdef9918c9e7","N/A","N/A"
"src/app/dashboard/company-intelligence/page.tsx","apps/frontend/src/app/(tenant)/dashboard/company-intelligence/page.tsx","VERBATIM","","SHA-256 identical","663c15570b398814b2320f704f72b6bb703bb58fade987fee670d7812c54d664","663c15570b398814b2320f704f72b6bb703bb58fade987fee670d7812c54d664","N/A","N/A"
"src/app/dashboard/contratti/page.tsx","apps/frontend/src/app/(tenant)/dashboard/contratti/page.tsx","VERBATIM","","SHA-256 identical","5e736ad89d7d18a1cf9945e52bd152491cff08a77133329964bb04010259e26c","5e736ad89d7d18a1cf9945e52bd152491cff08a77133329964bb04010259e26c","N/A","N/A"
"src/app/dashboard/documenti/page.tsx","apps/frontend/src/app/(tenant)/dashboard/documenti/page.tsx","VERBATIM","","SHA-256 identical","44cd0d9ebee2b99a26cb933e6628ca7f7cdea3a0c98ac48d0f759738cbe60010","44cd0d9ebee2b99a26cb933e6628ca7f7cdea3a0c98ac48d0f759738cbe60010","N/A","N/A"
"src/app/dashboard/duplicati/page.tsx","apps/frontend/src/app/(tenant)/dashboard/duplicati/page.tsx","VERBATIM","","SHA-256 identical","51ce65c28df482915da338dd064509e5c9d7d9e105c83d0ca768e1a599231645","51ce65c28df482915da338dd064509e5c9d7d9e105c83d0ca768e1a599231645","N/A","N/A"
"src/app/dashboard/fatture/page.tsx","apps/frontend/src/app/(tenant)/dashboard/fatture/page.tsx","VERBATIM","","SHA-256 identical","8ab7351181c847438cdf1452450d56089cde4ccb480a3f7cc9b899c84e665388","8ab7351181c847438cdf1452450d56089cde4ccb480a3f7cc9b899c84e665388","N/A","N/A"
"src/app/dashboard/flow-arcade/page.tsx","apps/frontend/src/app/(tenant)/dashboard/flow-arcade/page.tsx","EXCLUDED","B","Flow Arcade intentionally removed","df5d650276fbb0a268b292bc545769df008e3fb2ae588d9d9d16fe96b8d06cc1","","N/A","N/A"
"src/app/dashboard/flowboard/[boardId]/page.tsx","apps/frontend/src/app/(tenant)/dashboard/flowboard/[id]/page.tsx","VERBATIM","","SHA-256 identical","356a138ba510909c801b2fad36fb30398e67cce400368aad9068cf87c5996994","356a138ba510909c801b2fad36fb30398e67cce400368aad9068cf87c5996994","N/A","N/A"
"src/app/dashboard/flowboard/page.tsx","apps/frontend/src/app/(tenant)/dashboard/flowboard/page.tsx","VERBATIM","","SHA-256 identical","0e80bae1bd7d512f65efd1b7f7c408bb3aba8fd8ccdcf2d3a337765abda90062","0e80bae1bd7d512f65efd1b7f7c408bb3aba8fd8ccdcf2d3a337765abda90062","N/A","N/A"
"src/app/dashboard/impostazioni/page.tsx","apps/frontend/src/app/(tenant)/dashboard/impostazioni/page.tsx","VERBATIM","","SHA-256 identical","f3819d67cfd5425eb1928e53b4fb5c74e4f42a6ba235e2f09d21d83038c52a4a","f3819d67cfd5425eb1928e53b4fb5c74e4f42a6ba235e2f09d21d83038c52a4a","N/A","N/A"
"src/app/dashboard/inbox/page.tsx","apps/frontend/src/app/(tenant)/dashboard/inbox/page.tsx","VERBATIM","","SHA-256 identical","b4ac20823f2554fa173827b269af4431e7220c997e6855a5b9ffede5d7fb7ae2","b4ac20823f2554fa173827b269af4431e7220c997e6855a5b9ffede5d7fb7ae2","N/A","N/A"
"src/app/dashboard/layout.tsx","apps/frontend/src/app/(tenant)/dashboard/layout.tsx","EXCLUDED","A,E,F","Reference demo auth/server layout replaced by tenant-secure Doflow adapter composition","862bbd5d5dce1c98c3c28d2c61b9255a44234f4beca2a0ca1ade27748a042314","","N/A","N/A"
"src/app/dashboard/notifiche/page.tsx","apps/frontend/src/app/(tenant)/dashboard/notifiche/page.tsx","VISUAL_VERBATIM_DATA_ADAPTER","E,H","Real Doflow API/data compatibility adapter","9b85bc78007f08f247919cb39e73529a97a4b2ab438c1826c037e111db3a17f4","773cab009f357bea45ac37bf2bdc32abaccf9168c4f5a5f41fabf1b515216702","PASS","PASS"
"src/app/dashboard/ordini/page.tsx","apps/frontend/src/app/(tenant)/dashboard/ordini/page.tsx","VERBATIM","","SHA-256 identical","ac2269a24373ad7aebc0c1629f58a4688439875936d9e945c93a55d6aeb2d9b9","ac2269a24373ad7aebc0c1629f58a4688439875936d9e945c93a55d6aeb2d9b9","N/A","N/A"
"src/app/dashboard/pagamenti/page.tsx","apps/frontend/src/app/(tenant)/dashboard/pagamenti/page.tsx","VERBATIM","","SHA-256 identical","d26a6ab56e9f46d4f89b531ea08d29c9a1206c176cb74599485e08a18e97b8fa","d26a6ab56e9f46d4f89b531ea08d29c9a1206c176cb74599485e08a18e97b8fa","N/A","N/A"
"src/app/dashboard/page.tsx","apps/frontend/src/app/(tenant)/dashboard/page.tsx","VERBATIM","","SHA-256 identical","44b0d7e501d1f7eb5085fda8f2362ad9efa09b2c2c28829099480577dc472aed","44b0d7e501d1f7eb5085fda8f2362ad9efa09b2c2c28829099480577dc472aed","N/A","N/A"
"src/app/dashboard/preventivi/[quoteId]/anteprima/page.tsx","apps/frontend/src/app/(tenant)/dashboard/preventivi/[quoteId]/anteprima/page.tsx","VERBATIM","","SHA-256 identical","9e5e9dac5819984593968418e6d7ec0f64c5aaa0cc5d07d29b6958bbe5e5615e","9e5e9dac5819984593968418e6d7ec0f64c5aaa0cc5d07d29b6958bbe5e5615e","N/A","N/A"
"src/app/dashboard/preventivi/page.tsx","apps/frontend/src/app/(tenant)/dashboard/preventivi/page.tsx","VERBATIM","","SHA-256 identical","3c6ea87809dbe7328b54a5c43242f33f8301d92d28009afc75f7d9efef70589c","3c6ea87809dbe7328b54a5c43242f33f8301d92d28009afc75f7d9efef70589c","N/A","N/A"
"src/app/dashboard/progetti/[projectId]/page.tsx","apps/frontend/src/app/(tenant)/dashboard/progetti/[projectId]/page.tsx","VERBATIM","","SHA-256 identical","5b071b1dfd68bee80f4e957e290f2818a1cfb73e3b8d643f142a01b9f8670d1a","5b071b1dfd68bee80f4e957e290f2818a1cfb73e3b8d643f142a01b9f8670d1a","N/A","N/A"
"src/app/dashboard/progetti/page.tsx","apps/frontend/src/app/(tenant)/dashboard/progetti/page.tsx","VERBATIM","","SHA-256 identical","61e3fe7a9b3d72cbaf882ef27581fcc472c5484cc3b5a8296d2ac48655b9ba17","61e3fe7a9b3d72cbaf882ef27581fcc472c5484cc3b5a8296d2ac48655b9ba17","N/A","N/A"
"src/app/dashboard/punti/page.tsx","apps/frontend/src/app/(tenant)/dashboard/punti/page.tsx","VERBATIM","","SHA-256 identical","4f3cbf4208d7e7d076b9a3e4a7ee13fbf24144e3e3e5414f7b41dd65835aa6f3","4f3cbf4208d7e7d076b9a3e4a7ee13fbf24144e3e3e5414f7b41dd65835aa6f3","N/A","N/A"
"src/app/dashboard/rinnovi/page.tsx","apps/frontend/src/app/(tenant)/dashboard/rinnovi/page.tsx","VERBATIM","","SHA-256 identical","ea650d83808905e2797b8429d7d91fd5cb3d85a32c2899a990522fa0ea58a3da","ea650d83808905e2797b8429d7d91fd5cb3d85a32c2899a990522fa0ea58a3da","N/A","N/A"
"src/app/dashboard/scadenze/page.tsx","apps/frontend/src/app/(tenant)/dashboard/scadenze/page.tsx","VERBATIM","","SHA-256 identical","a360f56c8b3260706111fef0eb15f5da5a6a1ae67ca609eb77f017f70e993dd3","a360f56c8b3260706111fef0eb15f5da5a6a1ae67ca609eb77f017f70e993dd3","N/A","N/A"
"src/app/dashboard/supporto/page.tsx","apps/frontend/src/app/(tenant)/dashboard/supporto/page.tsx","VERBATIM","","SHA-256 identical","60ffad6652fe843008fa93eb7ec586e71f5c22a7b87c8b3c8c54674ca8774e85","60ffad6652fe843008fa93eb7ec586e71f5c22a7b87c8b3c8c54674ca8774e85","N/A","N/A"
"src/app/dashboard/team-space/page.tsx","apps/frontend/src/app/(tenant)/dashboard/team-space/page.tsx","VERBATIM","","SHA-256 identical","59023f183c476f2e51e52400bb9358c6d5eec14a7baaea45907005d3d4736163","59023f183c476f2e51e52400bb9358c6d5eec14a7baaea45907005d3d4736163","N/A","N/A"
"src/app/dashboard/vendite/page.tsx","apps/frontend/src/app/(tenant)/dashboard/vendite/page.tsx","VERBATIM","","SHA-256 identical","4bf917c7829d51de33d2bc7389bbb0e1aeeb98e6fc5b4dec105de90d0ea7d5e0","4bf917c7829d51de33d2bc7389bbb0e1aeeb98e6fc5b4dec105de90d0ea7d5e0","N/A","N/A"
"src/app/favicon.ico","apps/frontend/src/app/favicon.ico","EXCLUDED","A,F","Global/auth routing shell remains under Doflow multi-tenant authority","2b8ad2d33455a8f736fc3a8ebf8f0bdea8848ad4c0db48a2833bd0f9cd775932","4da899a774c74fa49fcd0eb0a8045fa90e8db2a8e2f306072bd4f05158fa91e9","N/A","N/A"
"src/app/forgot-password/page.tsx","apps/frontend/src/app/forgot-password/page.tsx","EXCLUDED","A","D3CC801 AUTHORITY: pre-auth page excluded","1200c49544dd0bfc901d66a7ba44c447525ed98c0774083ff3af04f7ba9c68ad","9c8b59397d6ed55b6fb81acc32529f88121fa67db7843ff3de5dbc0598702090","N/A","N/A"
"src/app/globals.css","apps/frontend/src/app/globals.css","VISUAL_VERBATIM_DATA_ADAPTER","A,B,F","Tenant-scoped authenticated theme keeps D3CC801 auth CSS and excludes Arcade CSS","9a4c38e53446e01d355e88fb45a5b3d89b0f72e5086129c99184532e0c624157","b59c4033b75600b05aa7ee847348e178f61b7061cc0f441132d85eca607af832","N/A","N/A"
"src/app/layout.tsx","apps/frontend/src/app/layout.tsx","EXCLUDED","A,F","Global/auth routing shell remains under Doflow multi-tenant authority","00f391942d1fcada625ee5b592650cfdc2bafa62e245a3e821b494948bccb80e","1535d983465ca2a40397bcf34441902c61081b405fc5f91fdab43f920f8e1ffc","N/A","N/A"
"src/app/login/page.tsx","apps/frontend/src/app/login/page.tsx","EXCLUDED","A","D3CC801 AUTHORITY: pre-auth page excluded","655b0999c9d59b914330f76d9f399f48b68d6aec0ea1ff50183b32b90f252553","eee3174744ca66ff71efb5b687ebd8899313426147ef1bc95b4380961e6c731d","N/A","N/A"
"src/app/not-found.tsx","apps/frontend/src/app/not-found.tsx","EXCLUDED","A,F","Global/auth routing shell remains under Doflow multi-tenant authority","22c4cf864cfbfba0e34dd2a5cc3a1f73ed3acf88d0c657ab224cfc2cb7599617","","N/A","N/A"
"src/app/page.tsx","apps/frontend/src/app/page.tsx","EXCLUDED","A,F","Global/auth routing shell remains under Doflow multi-tenant authority","1dfcec85ac36c5b52b6ce525000978eb45950afb10925afece9dcf22f3740b7c","347b8c1f9aca1ff73eefcc6378af7ee0f4e7857c5b70380cea026c9d32535abb","N/A","N/A"
"src/app/projects/[projectId]/page.tsx","apps/frontend/src/app/(tenant)/projects/[id]/page.tsx","VERBATIM","","SHA-256 identical","e55c584f49a04c29ca586f5f38bb1f34b9b36c427c424563c86a5c0a0f1dba75","e55c584f49a04c29ca586f5f38bb1f34b9b36c427c424563c86a5c0a0f1dba75","N/A","N/A"
"src/app/reset-password/page.tsx","apps/frontend/src/app/reset-password/page.tsx","EXCLUDED","A","D3CC801 AUTHORITY: pre-auth page excluded","dd72b3aee5b4d5d718086067a638c2de97fd779e5387a944b6e3fb246540b1ba","0692fbe2aa74b470deae69b064a623f0d279a3f862b48a06486d842847928fe9","N/A","N/A"
"src/components/agenda-menu.tsx","apps/frontend/src/components/agenda-menu.tsx","VISUAL_VERBATIM_DATA_ADAPTER","E,H","Real Doflow API/data compatibility adapter","d8706446d7092bdfd396863fe3b0e0d87dbff0b938b2504bb8a784fc471bc53d","517169fbeacedab15359b1434ce51e5376e59f410a9e7cf04f7bb0702d254146","PASS","PASS"
"src/components/app-sidebar.tsx","apps/frontend/src/components/app-sidebar.tsx","VISUAL_VERBATIM_DATA_ADAPTER","B,C,F,G,H","Arcade/Builder removal plus real tenant capabilities and Team Account integration","00e2cdbb84880ba4b595ecf234be61d6adab736b72e63ea104b70edbb52c3e19","511ee4a220a2ddba69d2ddff561c042687426495982b46895a32f9c6c7746f7d","DIFF","PASS"
"src/components/bonus-menu.tsx","apps/frontend/src/components/bonus-menu.tsx","VERBATIM","","SHA-256 identical","29bbd22d2d993168afd8f2dee86a8e272a42094503e9e10800f1fa2bb3823091","29bbd22d2d993168afd8f2dee86a8e272a42094503e9e10800f1fa2bb3823091","N/A","N/A"
"src/components/chart-radial-grid.tsx","apps/frontend/src/components/chart-radial-grid.tsx","VERBATIM","","SHA-256 identical","8423a619435fb246f3638943f64e6fe4520e307639384969f22264421e057ab5","8423a619435fb246f3638943f64e6fe4520e307639384969f22264421e057ab5","N/A","N/A"
"src/components/dashboard-header.tsx","apps/frontend/src/components/dashboard-header.tsx","VERBATIM","","SHA-256 identical","88f17e67cbae25c04df37fecbe60de17213d856c388a1ca9f430b9ecc3885f8a","88f17e67cbae25c04df37fecbe60de17213d856c388a1ca9f430b9ecc3885f8a","N/A","N/A"
"src/components/dashboard-shell.tsx","apps/frontend/src/components/dashboard-shell.tsx","VERBATIM","","SHA-256 identical","c0c67fc2e1353527ef3f12a0fdd99705a9e331ae862cdbaca30a8a62ce7fe337","c0c67fc2e1353527ef3f12a0fdd99705a9e331ae862cdbaca30a8a62ce7fe337","N/A","N/A"
"src/components/entity-image-dialog.tsx","apps/frontend/src/components/entity-image-dialog.tsx","VISUAL_VERBATIM_DATA_ADAPTER","E,F,H","Real API, tenant capability, or real-user adapter","a27b735b9ffa711f1f1b5ed8ceca04b96fb0c725831e9c129538c4d6a9cff5a9","b6705dc62c1cdb0d882354e83900a73f2d6992bfb7d538c09207f8f9ef17ceab","PASS","PASS"
"src/components/global-search.tsx","apps/frontend/src/components/global-search.tsx","VISUAL_VERBATIM_DATA_ADAPTER","E,F,H","Real API, tenant capability, or real-user adapter","5cdba3b44d353477e33a7bb924ffe0faae98172b6769b6daf7c939e8f05955e0","9008eb0e3cfea8178b882ee0b9ca7644245f63a072983c1c10d18488a9928e52","PASS","PASS"
"src/components/nav-main.tsx","apps/frontend/src/components/nav-main.tsx","VERBATIM","","SHA-256 identical","0d55d01770dab9f742a35e0d7e419d6b2a4ea9536836cf2be58a25f46be51ee6","0d55d01770dab9f742a35e0d7e419d6b2a4ea9536836cf2be58a25f46be51ee6","N/A","N/A"
"src/components/nav-projects.tsx","apps/frontend/src/components/nav-projects.tsx","VERBATIM","","SHA-256 identical","dd2dd37df9310a0344dfff938b7ba80c03a7fb86f8e601fae5772ce13a9c023a","dd2dd37df9310a0344dfff938b7ba80c03a7fb86f8e601fae5772ce13a9c023a","N/A","N/A"
"src/components/nav-user.tsx","apps/frontend/src/components/nav-user.tsx","VISUAL_VERBATIM_DATA_ADAPTER","E,F,H","Real API, tenant capability, or real-user adapter","d2b4b51e478b985f599b23f899a97dcf1f7ad5c68120c4ba78521f72b01b3cd0","378a667dfc5ece6596f64ae7eb5d904d2cadb663c37371ddf5fc0b4ad314526f","DIFF","DIFF"
"src/components/notifications-menu.tsx","apps/frontend/src/components/notifications-menu.tsx","VISUAL_VERBATIM_DATA_ADAPTER","E,H","Real Doflow API/data compatibility adapter","174cbb1a16bb34f6d23a83b94b8ad4ad91dc84896d48afcfcb173fbb6c35b922","8e04bfeb8472a1daab2af14f1fd2a9523300fcf7083ac4ec36c20406d0511386","PASS","PASS"
"src/components/team-chat-menu.tsx","apps/frontend/src/components/team-chat-menu.tsx","VISUAL_VERBATIM_DATA_ADAPTER","E,F,H","Real API, tenant capability, or real-user adapter","aded7413d54ce36388d70e87b258aee9386342809e70fe86153f69750b623db3","f8356868527abdb6ffd4494e625a58ef41c3b1dfcb11deca8676a03c94c16247","DIFF","DIFF"
"src/components/team-switcher.tsx","apps/frontend/src/components/team-switcher.tsx","VISUAL_VERBATIM_DATA_ADAPTER","E,F,H","Real API, tenant capability, or real-user adapter","74fabf5015cf99490a5d386c56c40fccb20f101301ae98900f443f07169dc5c9","793f52556196724a9734769b71881be2fbfa0d18d222c0fd15450309494ecd55","PASS","PASS"
"src/components/theme-provider.tsx","apps/frontend/src/components/theme-provider.tsx","VERBATIM","","SHA-256 identical","640ce7152e8e42370aefaa40a4fa1d1a9dfa307b17f094a4e99a79ed6378e9e2","640ce7152e8e42370aefaa40a4fa1d1a9dfa307b17f094a4e99a79ed6378e9e2","N/A","N/A"
"src/components/theme-toggle.tsx","apps/frontend/src/components/theme-toggle.tsx","VERBATIM","","SHA-256 identical","c137b3697abf7701cdd489acd889f594a5ce020f1b4ae268a842206e988efe01","c137b3697abf7701cdd489acd889f594a5ce020f1b4ae268a842206e988efe01","N/A","N/A"
"src/components/ui/alert-dialog.tsx","apps/frontend/src/components/ui/alert-dialog.tsx","VERBATIM","","SHA-256 identical","3d68ee9876665b211f3fd0149d9cf25fa796c61a0f2908c9e8051b4ccd3aa461","3d68ee9876665b211f3fd0149d9cf25fa796c61a0f2908c9e8051b4ccd3aa461","N/A","N/A"
"src/components/ui/alert.tsx","apps/frontend/src/components/ui/alert.tsx","VERBATIM","","SHA-256 identical","49c1d79c0d4e93adb30420ffbe4c910c930ddfa125f488b6ec0fbab75e488129","49c1d79c0d4e93adb30420ffbe4c910c930ddfa125f488b6ec0fbab75e488129","N/A","N/A"
"src/components/ui/avatar.tsx","apps/frontend/src/components/ui/avatar.tsx","VERBATIM","","SHA-256 identical","d165dd2ad5ea1b990c34182fba97ca33cbedb558e52faeec4315bc0d9f640bf0","d165dd2ad5ea1b990c34182fba97ca33cbedb558e52faeec4315bc0d9f640bf0","N/A","N/A"
"src/components/ui/badge.tsx","apps/frontend/src/components/ui/badge.tsx","VERBATIM","","SHA-256 identical","88479156cbd1aa965e96e7eabe3550a7552fbb76d62e0c433a7ca9b1608367ee","88479156cbd1aa965e96e7eabe3550a7552fbb76d62e0c433a7ca9b1608367ee","N/A","N/A"
"src/components/ui/breadcrumb.tsx","apps/frontend/src/components/ui/breadcrumb.tsx","VERBATIM","","SHA-256 identical","70688c0c97f5714a78ad71aa9b2f39a8f91e0be5b2500ee555f210895a33284f","70688c0c97f5714a78ad71aa9b2f39a8f91e0be5b2500ee555f210895a33284f","N/A","N/A"
"src/components/ui/button.tsx","apps/frontend/src/components/ui/button.tsx","VISUAL_VERBATIM_DATA_ADAPTER","E,H","Real Doflow API/data compatibility adapter","2f1ae57ead6c34698f2326070a132f41fc869b54d8f30070336cacd1649c65f0","744c46311cd5a542f828726deeff1711c615d1a30832b919c40510f97dbe1c64","PASS","PASS"
"src/components/ui/calendar.tsx","apps/frontend/src/components/ui/calendar.tsx","VERBATIM","","SHA-256 identical","987763fd49ae5c3c939304adca9ef884c4664556860c3a754b39f61e624136a0","987763fd49ae5c3c939304adca9ef884c4664556860c3a754b39f61e624136a0","N/A","N/A"
"src/components/ui/card.tsx","apps/frontend/src/components/ui/card.tsx","VERBATIM","","SHA-256 identical","4bf8c82ad7deda4e625105647c40c3a27f5d69ea81cd4ad0a3837e198f98bfe2","4bf8c82ad7deda4e625105647c40c3a27f5d69ea81cd4ad0a3837e198f98bfe2","N/A","N/A"
"src/components/ui/chart.tsx","apps/frontend/src/components/ui/chart.tsx","VERBATIM","","SHA-256 identical","ab0ad6fad6a2aef2015687dccc62c317356bb79f4ed72c5cc9a3db65e0196df7","ab0ad6fad6a2aef2015687dccc62c317356bb79f4ed72c5cc9a3db65e0196df7","N/A","N/A"
"src/components/ui/checkbox.tsx","apps/frontend/src/components/ui/checkbox.tsx","VERBATIM","","SHA-256 identical","26598e583e575c65a1a6a16ae6a28a5c3f4a8fe1eeb9f907727cb30b00f1acbb","26598e583e575c65a1a6a16ae6a28a5c3f4a8fe1eeb9f907727cb30b00f1acbb","N/A","N/A"
"src/components/ui/collapsible.tsx","apps/frontend/src/components/ui/collapsible.tsx","VERBATIM","","SHA-256 identical","c3649a69d53668fcceba2d83c97a3146fc2930a00c30fe281875238384e7bff2","c3649a69d53668fcceba2d83c97a3146fc2930a00c30fe281875238384e7bff2","N/A","N/A"
"src/components/ui/command.tsx","apps/frontend/src/components/ui/command.tsx","VERBATIM","","SHA-256 identical","854f70b2d294c49c95a87c867914df3782b62cd6d3856bbc64d1b4fd90b70d3d","854f70b2d294c49c95a87c867914df3782b62cd6d3856bbc64d1b4fd90b70d3d","N/A","N/A"
"src/components/ui/dialog.tsx","apps/frontend/src/components/ui/dialog.tsx","VERBATIM","","SHA-256 identical","60bf8bdbcc839d59e62a495892e555d83788b78499e1382888048653bd989f73","60bf8bdbcc839d59e62a495892e555d83788b78499e1382888048653bd989f73","N/A","N/A"
"src/components/ui/drawer.tsx","apps/frontend/src/components/ui/drawer.tsx","VERBATIM","","SHA-256 identical","c2a6abcf7d7a583aad7350e2334374608b48da261f7a9ee830ad9d262156142e","c2a6abcf7d7a583aad7350e2334374608b48da261f7a9ee830ad9d262156142e","N/A","N/A"
"src/components/ui/dropdown-menu.tsx","apps/frontend/src/components/ui/dropdown-menu.tsx","VERBATIM","","SHA-256 identical","86e7a1109edcc1b4556dee5f26b799bafe94d72806f53c397668df864976a440","86e7a1109edcc1b4556dee5f26b799bafe94d72806f53c397668df864976a440","N/A","N/A"
"src/components/ui/empty.tsx","apps/frontend/src/components/ui/empty.tsx","VERBATIM","","SHA-256 identical","b0d6fca35c9fecba1603fc3fd30d81a399fbc6ac09df39d3f9f1ff78123630a0","b0d6fca35c9fecba1603fc3fd30d81a399fbc6ac09df39d3f9f1ff78123630a0","N/A","N/A"
"src/components/ui/input-group.tsx","apps/frontend/src/components/ui/input-group.tsx","VERBATIM","","SHA-256 identical","3ffd153cd3658a922d64e59a305799f34c7613294b8285ba4ca088bca115dbc5","3ffd153cd3658a922d64e59a305799f34c7613294b8285ba4ca088bca115dbc5","N/A","N/A"
"src/components/ui/input.tsx","apps/frontend/src/components/ui/input.tsx","VERBATIM","","SHA-256 identical","96a49a981e294b6b9652a53fd4bfabc2f942d29180a80ba16bc82ccc955841ff","96a49a981e294b6b9652a53fd4bfabc2f942d29180a80ba16bc82ccc955841ff","N/A","N/A"
"src/components/ui/label.tsx","apps/frontend/src/components/ui/label.tsx","VERBATIM","","SHA-256 identical","43e7cadacf1e0d71c1668dc388271656d2db8c4d45f2144d52d594f9aca31ca5","43e7cadacf1e0d71c1668dc388271656d2db8c4d45f2144d52d594f9aca31ca5","N/A","N/A"
"src/components/ui/popover.tsx","apps/frontend/src/components/ui/popover.tsx","VERBATIM","","SHA-256 identical","179874e7267ce7015d5096bdb1cfa5bee6dcc49980fcaadd6c716f192c468d65","179874e7267ce7015d5096bdb1cfa5bee6dcc49980fcaadd6c716f192c468d65","N/A","N/A"
"src/components/ui/progress.tsx","apps/frontend/src/components/ui/progress.tsx","VERBATIM","","SHA-256 identical","135c34b7666331c06a354a14a6d096fc9345d675beb2c23574806a2b632d312a","135c34b7666331c06a354a14a6d096fc9345d675beb2c23574806a2b632d312a","N/A","N/A"
"src/components/ui/scroll-area.tsx","apps/frontend/src/components/ui/scroll-area.tsx","VERBATIM","","SHA-256 identical","5a97886b1c332acd2c5507883719071089814519b3141f87cd2a00439f84dc7f","5a97886b1c332acd2c5507883719071089814519b3141f87cd2a00439f84dc7f","N/A","N/A"
"src/components/ui/select.tsx","apps/frontend/src/components/ui/select.tsx","VERBATIM","","SHA-256 identical","6f959c6ec7e6877b9ea57be68ddbb37ada25104cf95f6a22b7828a92fdc8344d","6f959c6ec7e6877b9ea57be68ddbb37ada25104cf95f6a22b7828a92fdc8344d","N/A","N/A"
"src/components/ui/separator.tsx","apps/frontend/src/components/ui/separator.tsx","VERBATIM","","SHA-256 identical","250721adc018e8e02291a6b83a0f5de1fe50062e5e1570657172aaad19f55195","250721adc018e8e02291a6b83a0f5de1fe50062e5e1570657172aaad19f55195","N/A","N/A"
"src/components/ui/sheet.tsx","apps/frontend/src/components/ui/sheet.tsx","VISUAL_VERBATIM_DATA_ADAPTER","E,H","Real Doflow API/data compatibility adapter","449d4216d37fbb291975d359b8303cbdb4c6d09019a7cfd30b323e61a781303b","c92b163b465cfe3a5a8177b6460352c86acbbc5f9751bd626e650af9a3a2e897","PASS","PASS"
"src/components/ui/sidebar.tsx","apps/frontend/src/components/ui/sidebar.tsx","VERBATIM","","SHA-256 identical","a73cf70e3443392c6f63988b19bbe5921bb856de23d65bb9b44cf502515b5375","a73cf70e3443392c6f63988b19bbe5921bb856de23d65bb9b44cf502515b5375","N/A","N/A"
"src/components/ui/skeleton.tsx","apps/frontend/src/components/ui/skeleton.tsx","VERBATIM","","SHA-256 identical","6943aea99efa26e56d3d546bd7f41c8d4336bf56a258519e49248aa063f02ade","6943aea99efa26e56d3d546bd7f41c8d4336bf56a258519e49248aa063f02ade","N/A","N/A"
"src/components/ui/sonner.tsx","apps/frontend/src/components/ui/sonner.tsx","VERBATIM","","SHA-256 identical","a87b8badbf8196efa6648362face66527e143ad54e778d04b1d1e159b8609ec2","a87b8badbf8196efa6648362face66527e143ad54e778d04b1d1e159b8609ec2","N/A","N/A"
"src/components/ui/switch.tsx","apps/frontend/src/components/ui/switch.tsx","VERBATIM","","SHA-256 identical","76c7150b0cfacd95d34655ef2b68335be65ba6c3edc02c0536a89e9ea5cd5320","76c7150b0cfacd95d34655ef2b68335be65ba6c3edc02c0536a89e9ea5cd5320","N/A","N/A"
"src/components/ui/table.tsx","apps/frontend/src/components/ui/table.tsx","VERBATIM","","SHA-256 identical","00961b6cbca3cf9145c965377efa20a746051860ea6940bda24aea48057e9d42","00961b6cbca3cf9145c965377efa20a746051860ea6940bda24aea48057e9d42","N/A","N/A"
"src/components/ui/tabs.tsx","apps/frontend/src/components/ui/tabs.tsx","VERBATIM","","SHA-256 identical","7b919c9e5f21fb2ebd59c52db2b4380d81c59a767accadaf26fe96d88e3a9a76","7b919c9e5f21fb2ebd59c52db2b4380d81c59a767accadaf26fe96d88e3a9a76","N/A","N/A"
"src/components/ui/textarea.tsx","apps/frontend/src/components/ui/textarea.tsx","VERBATIM","","SHA-256 identical","281e3b3a2d25a74c86ee5cdeebbaee1cd0b533a2bf52ed13bd9869aeaa1b6d76","281e3b3a2d25a74c86ee5cdeebbaee1cd0b533a2bf52ed13bd9869aeaa1b6d76","N/A","N/A"
"src/components/ui/toggle-group.tsx","apps/frontend/src/components/ui/toggle-group.tsx","VERBATIM","","SHA-256 identical","070827219870571a89da214ebb014aef7a3505d68828489ab93461c85e2e01cf","070827219870571a89da214ebb014aef7a3505d68828489ab93461c85e2e01cf","N/A","N/A"
"src/components/ui/toggle.tsx","apps/frontend/src/components/ui/toggle.tsx","VERBATIM","","SHA-256 identical","fa350a34057f2b866abf11bad7d4151032e236fed76a3ffd3f4164df3ccf480c","fa350a34057f2b866abf11bad7d4151032e236fed76a3ffd3f4164df3ccf480c","N/A","N/A"
"src/components/ui/tooltip.tsx","apps/frontend/src/components/ui/tooltip.tsx","VERBATIM","","SHA-256 identical","13ec287273e9b9055df48c965aae9891b46984344d23c2ff0cf30b1ca5ef7ed3","13ec287273e9b9055df48c965aae9891b46984344d23c2ff0cf30b1ca5ef7ed3","N/A","N/A"
"src/components/user-avatar.tsx","apps/frontend/src/components/user-avatar.tsx","VERBATIM","","SHA-256 identical","31e8ee8dd5a39855c5bea740fe90d06763a6d5f8cca4cb79d8a5289601bd528a","31e8ee8dd5a39855c5bea740fe90d06763a6d5f8cca4cb79d8a5289601bd528a","N/A","N/A"
"src/features/bonus/bonus-page.tsx","apps/frontend/src/features/bonus/bonus-page.tsx","VERBATIM","","SHA-256 identical","f7e1717fb822baf19a6c0054965823f8eabe7662aca5c1d30f68b6417a490a14","f7e1717fb822baf19a6c0054965823f8eabe7662aca5c1d30f68b6417a490a14","N/A","N/A"
"src/features/bonus/bonus-provider.tsx","apps/frontend/src/features/bonus/bonus-provider.tsx","VISUAL_VERBATIM_DATA_ADAPTER","E,F,H","Provider implementation mapped to authenticated Doflow APIs and real tenant data","b42353820b971a47c8873fd464392f8ae1df70816e88cbd2d529a1dadd6358c9","651c776818409eccc5929a5f915b6011b470ca6d6f7b7498be3b2b677222f950","PASS","PASS"
"src/features/chat/canonical-conversation-migration.tsx","apps/frontend/src/features/chat/canonical-conversation-migration.tsx","EXCLUDED","E,F","Unsafe demo compatibility mutation excluded from real tenant runtime","a6d7ebcfa9d952b636c1806e9f3a64f799da259241f971699a31ef1384cd4ffa","","N/A","N/A"
"src/features/chat/chat-rich-content.tsx","apps/frontend/src/features/chat/chat-rich-content.tsx","VISUAL_VERBATIM_DATA_ADAPTER","E,H","Real Doflow API/data compatibility adapter","9b9aaf0bd4860a44325761acd6ea2bfd6ee2175c74db638dc6d26646817ccc64","c6b8c0b47970493fe4c69afaf9172a77815909a2f9f3f4ef54970b52ab13f2c3","PASS","PASS"
"src/features/chat/team-chat-provider.tsx","apps/frontend/src/features/chat/team-chat-provider.tsx","VISUAL_VERBATIM_DATA_ADAPTER","E,F,H","Provider implementation mapped to authenticated Doflow APIs and real tenant data","d824545d1f84f9aa3cc8522b372c4a19832369e6633b10064fca88f4e9425092","234e41237eb239970a54d8a7d5e99c2c3ca4e12e44fbfc3eaf7736e30c330a9f","PASS","PASS"
"src/features/chat/team-chat.ts","apps/frontend/src/features/chat/team-chat.ts","VISUAL_VERBATIM_DATA_ADAPTER","E,H","Real Doflow API/data compatibility adapter","c760f0d06be8342ac5644777b69421db18fc5023efe99de16e0a8b649e5c2edf","2293aa3211a5f85024ebc05c252f0df3a65e5b1013fd144b98bb4ac042717d33","N/A","N/A"
"src/features/chat/team-space-call-ui.tsx","apps/frontend/src/features/chat/team-space-call-ui.tsx","VISUAL_VERBATIM_DATA_ADAPTER","D","LiveKit controls remain hidden while LIVEKIT_ENABLED=false","dbf5c6b0d7705194083e063705570fc80ce439e371becef52dad7deec931764a","9f4759f4ebbc9aaf02e6ca77685a0bb0dfaf9cd316bd375518a1f2a1cb0b0a6b","PASS","PASS"
"src/features/chat/team-space-page.tsx","apps/frontend/src/features/chat/team-space-page.tsx","VISUAL_VERBATIM_DATA_ADAPTER","D,E,G,H","Real conversations/presence/Team Account adapter with LiveKit hidden","f9958f843f3fdabe7d20dc4e7dae19fe1eea6c3003d944e002cd98dacd57b281","8065780c13ffad5688815d996df1f0bed7bc08e54ae105974e507ba77633934f","PASS","PASS"
"src/features/chat/team-space-route.tsx","apps/frontend/src/features/chat/team-space-route.tsx","VISUAL_VERBATIM_DATA_ADAPTER","F,G","Tenant capability gate and Doflow-only Team Account Admin entry point","19eddef7c128e2d3414b3bba1297525e8c9b93c29cb8a5f01bad5c6c5cb89620","e948d14769579288954e937951706f73e80691361848ede7334d97f30dd91832","DIFF","DIFF"
"src/features/chat/team-space-sidebar.tsx","apps/frontend/src/features/chat/team-space-sidebar.tsx","VISUAL_VERBATIM_DATA_ADAPTER","F,G","Tenant capability gate and Doflow-only Team Account Admin entry point","be4d30b3e4c9b4308d3d65e3b7b4e15b699f559cc82d8cf830bff12270d47fd4","37b695b78c8416e0d905e95520b62b12fb4acf404a76244cb38d3e8a82f62db5","DIFF","DIFF"
"src/features/commercial/commercial-audit-presentation.ts","apps/frontend/src/features/commercial/commercial-audit-presentation.ts","VERBATIM","","SHA-256 identical","3bb49d4083068fb8ef6ab18ddc96121575168443647ebd9716573b17064837cd","3bb49d4083068fb8ef6ab18ddc96121575168443647ebd9716573b17064837cd","N/A","N/A"
"src/features/commercial/commercial-automations.ts","apps/frontend/src/features/commercial/commercial-automations.ts","VISUAL_VERBATIM_DATA_ADAPTER","E,F,H","Commercial UI contract backed by real Doflow API adapters and capabilities","f2070a7688901d9ddd98790d3ae12cfe78957114c9b266d06f89887b3bd10381","9114112d2fecce2797a615b088e9aa0e6086d7ceec1b442e928fd7e22a5f0727","N/A","N/A"
"src/features/commercial/commercial-campaigns.ts","apps/frontend/src/features/commercial/commercial-campaigns.ts","VERBATIM","","SHA-256 identical","9b0fcc0c7f947129a35eaaaaca8451ba4fd3696086720d3d2958fb234c9a5b80","9b0fcc0c7f947129a35eaaaaca8451ba4fd3696086720d3d2958fb234c9a5b80","N/A","N/A"
"src/features/commercial/commercial-collaboration.ts","apps/frontend/src/features/commercial/commercial-collaboration.ts","VISUAL_VERBATIM_DATA_ADAPTER","E,F,H","Commercial UI contract backed by real Doflow API adapters and capabilities","468ad36b81733383af5ea99a18bba914ba28c010ddeee06c0bd09c574c5e2777","e827f796917257326f1cb896f297b93c9ff340606a893905e979309f4fd36648","N/A","N/A"
"src/features/commercial/commercial-commerce.ts","apps/frontend/src/features/commercial/commercial-commerce.ts","VISUAL_VERBATIM_DATA_ADAPTER","E,F,H","Commercial UI contract backed by real Doflow API adapters and capabilities","0b2ae6851aca6fac2020fde89bfe20ca242fa6ed89507236c32c6b990825bb02","df9b948c2fc7dfe8cc0e8d2cba8f783d3aa61187140259d5a79aad9a46af9b1b","N/A","N/A"
"src/features/commercial/commercial-documents.ts","apps/frontend/src/features/commercial/commercial-documents.ts","VISUAL_VERBATIM_DATA_ADAPTER","E,F,H","Commercial UI contract backed by real Doflow API adapters and capabilities","0040193eed3f4249cec061b7387598aa4a7a4293ab1ec8ae43e48c7fb6f8a469","621cf74e7d3c1546d2dc9482699041a6365a17accb6d8da313313b9f82ac4c69","N/A","N/A"
"src/features/commercial/commercial-formatters.ts","apps/frontend/src/features/commercial/commercial-formatters.ts","VERBATIM","","SHA-256 identical","48d578d0ebc55a3b3bff07c1533c321e47a554aff370f613184145ec9f140da3","48d578d0ebc55a3b3bff07c1533c321e47a554aff370f613184145ec9f140da3","N/A","N/A"
"src/features/commercial/commercial-goals.ts","apps/frontend/src/features/commercial/commercial-goals.ts","VERBATIM","","SHA-256 identical","bd3b1037833e2a994ae34cf57e653d7558634f7ff501ccad816814ed2e92122d","bd3b1037833e2a994ae34cf57e653d7558634f7ff501ccad816814ed2e92122d","N/A","N/A"
"src/features/commercial/commercial-guided-calls.ts","apps/frontend/src/features/commercial/commercial-guided-calls.ts","VISUAL_VERBATIM_DATA_ADAPTER","E,F,H","Commercial UI contract backed by real Doflow API adapters and capabilities","d4604d5c5d3c17fcb76850cd691e91568110ac6963c19ac82e43f583ef2a6223","9ab21c2f7f27517d62fe168cb75d9b09f1d42e27caa85ee3e685f256f3ed1765","N/A","N/A"
"src/features/commercial/commercial-production.ts","apps/frontend/src/features/commercial/commercial-production.ts","VISUAL_VERBATIM_DATA_ADAPTER","E,F,H","Commercial UI contract backed by real Doflow API adapters and capabilities","8a523d07255c52c369aacae9e37fa4ce7ce848ae96b114fa0a5491ceecadefc3","d7c46b1a02888a3e7d4d650f6f4ef86b8c13bf3ee8b72d39c364bf8465f2e43d","N/A","N/A"
"src/features/commercial/commercial-rankings.ts","apps/frontend/src/features/commercial/commercial-rankings.ts","VISUAL_VERBATIM_DATA_ADAPTER","E,F,H","Commercial UI contract backed by real Doflow API adapters and capabilities","195bd3b1496315371f379a44c53e11a61b000d22aed2b9fe6587621f37fc38a6","f54d9f4e0e219919bbc001ad6bff6c9e1e805984f3377a5b415015c574630bbe","N/A","N/A"
"src/features/commercial/commercial-support.ts","apps/frontend/src/features/commercial/commercial-support.ts","VISUAL_VERBATIM_DATA_ADAPTER","E,F,H","Commercial UI contract backed by real Doflow API adapters and capabilities","49f44bfb4d3296a132b23b35a8c36450a3e55cac6cb78bce20fe63bec36d026e","1ca28d700efde483e3253c5cefc886fb3283b87376b5a7f8a2de8fcbe8f36ab6","N/A","N/A"
"src/features/commercial/components/activity-detail-sheet.tsx","apps/frontend/src/features/commercial/components/activity-detail-sheet.tsx","VISUAL_VERBATIM_DATA_ADAPTER","E,F,H","Commercial UI contract backed by real Doflow API adapters and capabilities","ce240ac523a7c03257e5e58084b17450c6dad86823f9e3110e89db792079f8b0","107be45b2a43c497b05dd1323cd3ea3c63dd657acd8c70143e5c828ab8fbc833","PASS","PASS"
"src/features/commercial/components/activity-form-dialog.tsx","apps/frontend/src/features/commercial/components/activity-form-dialog.tsx","VISUAL_VERBATIM_DATA_ADAPTER","E,F,H","Commercial UI contract backed by real Doflow API adapters and capabilities","da97222db635c94244aabe5a5281a66f58c19c73a216b09e8dc4c58677461332","95d1332ed01a516d5c4401d79aae68b18471494311e5e29cdf8953e6d3a29829","PASS","PASS"
"src/features/commercial/components/activity-kanban-board.tsx","apps/frontend/src/features/commercial/components/activity-kanban-board.tsx","VISUAL_VERBATIM_DATA_ADAPTER","E,F,H","Commercial UI contract backed by real Doflow API adapters and capabilities","69766dd1ff72c2c4da225fe946c4d83750e1cda007f2ae9bcf67dd17a7d7ecc4","49f74c7fa39677f4eb315ce04887fd2505eec3010c93381e69f84c3f7214ce30","PASS","PASS"
"src/features/commercial/components/calendar-appointment-dialog.tsx","apps/frontend/src/features/commercial/components/calendar-appointment-dialog.tsx","VISUAL_VERBATIM_DATA_ADAPTER","E,F,H","Commercial UI contract backed by real Doflow API adapters and capabilities","197bc10353267537279ef73eba8a5ed2dead56a8a6be8790c84612afe9b2503b","7a16dd39c78989ebc1ec5b9b7d6a8882addbf4458dafd8ae87f41fba85839b27","PASS","PASS"
"src/features/commercial/components/calendar-integration-settings.tsx","apps/frontend/src/features/commercial/components/calendar-integration-settings.tsx","VISUAL_VERBATIM_DATA_ADAPTER","E,F,H","Commercial UI contract backed by real Doflow API adapters and capabilities","420b5c6d4f88413d89faa229c2a038c37cd892516d7edba1ff3d91b4c26e168b","955f337031c5b07bc90426d0f90121ad10267c4537f626929c700dc751590d62","PASS","PASS"
"src/features/commercial/components/client-activities-tab.tsx","apps/frontend/src/features/commercial/components/client-activities-tab.tsx","VISUAL_VERBATIM_DATA_ADAPTER","E,F,H","Commercial UI contract backed by real Doflow API adapters and capabilities","cf62f90ac52c2336f4896d17bb5393c941f16fd1d28800c4132e140e45b92178","eaa73219ceb7dc9ad2d43475045c8269aa697ae5587dd707093820609747491b","PASS","PASS"
"src/features/commercial/components/client-operations-tabs.tsx","apps/frontend/src/features/commercial/components/client-operations-tabs.tsx","VISUAL_VERBATIM_DATA_ADAPTER","E,F,H","Commercial UI contract backed by real Doflow API adapters and capabilities","a46ad2d7f944dc4daa82f7e11427aa351d84ba3ae979b119f73e66803d1df6a6","2601ac99042acaa9ac6cf91b2e7e5803ef7f10ccd1ed5198309695d550db4b9e","PASS","PASS"
"src/features/commercial/components/client-projects-tab.tsx","apps/frontend/src/features/commercial/components/client-projects-tab.tsx","VISUAL_VERBATIM_DATA_ADAPTER","E,F,H","Commercial UI contract backed by real Doflow API adapters and capabilities","f3fd01b642b45c4f2ccae52dcadcdf6a79b56c3aab8991a5a258792022b00927","012a408f93161378a2af5ccc963bf09383f0dbaf3b011b1cebd24db17a280575","PASS","PASS"
"src/features/commercial/components/client-quick-sheet.tsx","apps/frontend/src/features/commercial/components/client-quick-sheet.tsx","VISUAL_VERBATIM_DATA_ADAPTER","E,F,H","Commercial UI contract backed by real Doflow API adapters and capabilities","29beca4065af3aad970c9783b044cb4d0fadf984345024802875d608c6815c9d","eebcf86fb2bf371f6bb5b788e54afa9ffb2e72b80c011abb556fd1c708e140df","PASS","PASS"
"src/features/commercial/components/commerce-form-dialogs.tsx","apps/frontend/src/features/commercial/components/commerce-form-dialogs.tsx","VISUAL_VERBATIM_DATA_ADAPTER","E,F,H","Commercial UI contract backed by real Doflow API adapters and capabilities","98c75aab8d115ef13b1db65ad2b448317b85000d08cfc10c1a509e2b38c9bf50","92178d237b351c4d3c4b59b64b5ddc97ae3998db00af5bda744277fef3e888d4","PASS","PASS"
"src/features/commercial/components/commerce-operations-page.tsx","apps/frontend/src/features/commercial/components/commerce-operations-page.tsx","VISUAL_VERBATIM_DATA_ADAPTER","E,F,H","Commercial UI contract backed by real Doflow API adapters and capabilities","bdb00bd03716a7f28ccec23205b94ba42b019ccf4beb113ea3572ad1ec49a446","bdfa145f864852b7dacc4a5e05c2fc157e75fb365dfc788c0f43109e993da8dc","PASS","PASS"
"src/features/commercial/components/commercial-activities-page.tsx","apps/frontend/src/features/commercial/components/commercial-activities-page.tsx","VISUAL_VERBATIM_DATA_ADAPTER","E,F,H","Commercial UI contract backed by real Doflow API adapters and capabilities","701e95f094fe595f27a4c285c069bd8936d7f9104849172a52aa3201c1944b68","81b40cf64cb1810646fbaf0cff952490435640cd841d721b8d2b544c725270f7","PASS","PASS"
"src/features/commercial/components/commercial-app.tsx","apps/frontend/src/features/commercial/components/commercial-app.tsx","EXCLUDED","H","Unreachable legacy demo composition; canonical routes use the copied page surfaces","9007b40aa2f44f88f810f3bb3eb338bdca6d2a08cca5f8b1d16fb8f889d87b63","","N/A","N/A"
"src/features/commercial/components/commercial-archive-page.tsx","apps/frontend/src/features/commercial/components/commercial-archive-page.tsx","VISUAL_VERBATIM_DATA_ADAPTER","E,F,H","Commercial UI contract backed by real Doflow API adapters and capabilities","9513a1d683f0068fc9e5b779714f243b686a8284892bba3634667dad12b30495","5661abfe848eddb4f01e91eae2fbd091198e5931bbb1d2d9dd2ada81fd5e75b8","PASS","PASS"
"src/features/commercial/components/commercial-automations-page.tsx","apps/frontend/src/features/commercial/components/commercial-automations-page.tsx","VISUAL_VERBATIM_DATA_ADAPTER","E,F,H","Commercial UI contract backed by real Doflow API adapters and capabilities","b1ce7760342d60160d9c539c67eede5a85de66ee097a04448a696667282b9c9f","d611e93625150ce839c2b0b7a4b7d0ce98d741bf02b2b01caded6dd8497e2e1c","PASS","PASS"
"src/features/commercial/components/commercial-calendar-page.tsx","apps/frontend/src/features/commercial/components/commercial-calendar-page.tsx","VISUAL_VERBATIM_DATA_ADAPTER","E,F,H","Commercial UI contract backed by real Doflow API adapters and capabilities","0e46b27a57fc494903ff03583a9ea2e9699667144ec1e3ac723da8641bbc0496","8de3ede26a152ff5f154f15d4f0741d3d3017410a561bf23977096ae425388d7","PASS","PASS"
"src/features/commercial/components/commercial-campaigns-page.tsx","apps/frontend/src/features/commercial/components/commercial-campaigns-page.tsx","VERBATIM","","SHA-256 identical","a5236780d58eb78a8e5acbe93625361025bcef0f7b9c6107c8f41bd9eb2936f0","a5236780d58eb78a8e5acbe93625361025bcef0f7b9c6107c8f41bd9eb2936f0","N/A","N/A"
"src/features/commercial/components/commercial-client-detail-page.tsx","apps/frontend/src/features/commercial/components/commercial-client-detail-page.tsx","VISUAL_VERBATIM_DATA_ADAPTER","E,F,H","Commercial UI contract backed by real Doflow API adapters and capabilities","48328b095d78a07e10717f8f7918426076c863fcb9054d40d2ad44dd0648d967","1eb54416c5cf53aa4276949729d5a0e5813493a6860104606c2771f78a29c06e","PASS","PASS"
"src/features/commercial/components/commercial-clients-page.tsx","apps/frontend/src/features/commercial/components/commercial-clients-page.tsx","VISUAL_VERBATIM_DATA_ADAPTER","E,F,H","Commercial UI contract backed by real Doflow API adapters and capabilities","8999e713b5ea0d0d58143c514d17dfca23d3815a12ad0755d32022bec9357b0c","17651b07274ae1d7d2407b20a703165717d64a00d122c0df1f0d338e7a6f0cad","PASS","PASS"
"src/features/commercial/components/commercial-dashboard-refined.tsx","apps/frontend/src/features/commercial/components/commercial-dashboard-refined.tsx","VISUAL_VERBATIM_DATA_ADAPTER","E,F,H","Commercial UI contract backed by real Doflow API adapters and capabilities","832946486ab8176400e8db49ff45096b102565fbd8d45f94a665d276cba350b9","990ac829037952b305cb6bb6c64b29e2df89c07967518afd47be0421d6daaea3","DIFF","DIFF"
"src/features/commercial/components/commercial-deadlines-page.tsx","apps/frontend/src/features/commercial/components/commercial-deadlines-page.tsx","VERBATIM","","SHA-256 identical","1793dc720030ad6d9101a6642a5aabc61ee9665da800a454ca0fa99b9ca21368","1793dc720030ad6d9101a6642a5aabc61ee9665da800a454ca0fa99b9ca21368","N/A","N/A"
"src/features/commercial/components/commercial-document-cycle-page.tsx","apps/frontend/src/features/commercial/components/commercial-document-cycle-page.tsx","VISUAL_VERBATIM_DATA_ADAPTER","E,F,H","Commercial UI contract backed by real Doflow API adapters and capabilities","2acd0de8efb71b11c7814d27af4f68effb0374895ffea90e3c874c3fbe6bfe43","a5449cff397f201f974ebaa99b355f3693e12fe6913f889710a80fece3128d07","PASS","PASS"
"src/features/commercial/components/commercial-documents-page.tsx","apps/frontend/src/features/commercial/components/commercial-documents-page.tsx","VERBATIM","","SHA-256 identical","1e38a824b992d10213ee631dc082bd26cf5ddb5cdb4f81f833d8d4682fffe18d","1e38a824b992d10213ee631dc082bd26cf5ddb5cdb4f81f833d8d4682fffe18d","N/A","N/A"
"src/features/commercial/components/commercial-full-pipeline-page.tsx","apps/frontend/src/features/commercial/components/commercial-full-pipeline-page.tsx","VISUAL_VERBATIM_DATA_ADAPTER","E,F,H","Commercial UI contract backed by real Doflow API adapters and capabilities","49e0fe50987f621cfa45b58ee8633ae477e33020cf4894e9ca2fabe0086a7338","bb28c0ee44fd97ae480df104ebdc7d6731cc45c14661d0ba1b5c1c4165556f09","PASS","PASS"
"src/features/commercial/components/commercial-leads-page-layout.tsx","apps/frontend/src/features/commercial/components/commercial-leads-page-layout.tsx","VISUAL_VERBATIM_DATA_ADAPTER","E,F,H","Commercial UI contract backed by real Doflow API adapters and capabilities","b9372481d9996880923a0200f58e8d89e9e1847f8a1b6f4fde5f1a2d029e6ba7","b95b6aa7ea59c578f61ffecc36ab536108af4aea7d654cf6a35f3e3fbac541ac","PASS","PASS"
"src/features/commercial/components/commercial-leads-page.tsx","apps/frontend/src/features/commercial/components/commercial-leads-page.tsx","VISUAL_VERBATIM_DATA_ADAPTER","E,F,H","Commercial UI contract backed by real Doflow API adapters and capabilities","a0c4ad21d6f7987583113670520d5a6956a252806fbb77681422a210309f9ec0","e3d483993baf07bf4f0efadf0b8e58211b16b851a45c86fa3285d5b93c4eb90c","PASS","PASS"
"src/features/commercial/components/commercial-leads-provider.tsx","apps/frontend/src/features/commercial/components/commercial-leads-provider.tsx","VISUAL_VERBATIM_DATA_ADAPTER","E,F,H","Provider implementation mapped to authenticated Doflow APIs and real tenant data","4e00f6a2cf1fb4511c36506c32942dd62a1a2028171d98123ea23ab668e3b459","4743b2e5d7f61757ac2036e25643f7fb5e589c80e75366444238df2932ca916b","DIFF","DIFF"
"src/features/commercial/components/commercial-pipeline-board.tsx","apps/frontend/src/features/commercial/components/commercial-pipeline-board.tsx","VISUAL_VERBATIM_DATA_ADAPTER","E,F,H","Commercial UI contract backed by real Doflow API adapters and capabilities","24164a54c3b3e26b81874c7dbb2e9c55d868af9f9c04ba36a80ec907c92a5f34","f8589df6793a1426da12f37dfc6fa049ed6f063b34f9ffbae5248888d79e36d9","PASS","PASS"
"src/features/commercial/components/commercial-points-panel.tsx","apps/frontend/src/features/commercial/components/commercial-points-panel.tsx","VERBATIM","","SHA-256 identical","4573eea1d5354e31f1fa4fd3c1e936d7efbed676f379eb08a2d7318cf5cecec9","4573eea1d5354e31f1fa4fd3c1e936d7efbed676f379eb08a2d7318cf5cecec9","N/A","N/A"
"src/features/commercial/components/commercial-project-detail-page.tsx","apps/frontend/src/features/commercial/components/commercial-project-detail-page.tsx","VISUAL_VERBATIM_DATA_ADAPTER","E,F,H","Commercial UI contract backed by real Doflow API adapters and capabilities","a4ea2ad9ce5010cf0da56f25307ce84ae8d95d08628496a6b72047e86456a9ca","551c76b50e71c7ed911deb86e97560e542b2a2de49f3f1459be4b460069b9aec","PASS","PASS"
"src/features/commercial/components/commercial-projects-page.tsx","apps/frontend/src/features/commercial/components/commercial-projects-page.tsx","VERBATIM","","SHA-256 identical","cc5cec4c191cd704e72d1951453716f4ddc21686c8e0c4763d67b1c623c1f019","cc5cec4c191cd704e72d1951453716f4ddc21686c8e0c4763d67b1c623c1f019","N/A","N/A"
"src/features/commercial/components/commercial-settings-hub.tsx","apps/frontend/src/features/commercial/components/commercial-settings-hub.tsx","VISUAL_VERBATIM_DATA_ADAPTER","E,F,H","Commercial UI contract backed by real Doflow API adapters and capabilities","47a9b5db2338f4e6e4cc49c06d72babeefb5a1034839a81086a670cb7653784a","53f2615498b2d9226abad173a26a7b495d696064a6f70e991f9db60dd02f1eae","DIFF","DIFF"
"src/features/commercial/components/commercial-settings-page.tsx","apps/frontend/src/features/commercial/components/commercial-settings-page.tsx","VISUAL_VERBATIM_DATA_ADAPTER","E,F,H","Commercial UI contract backed by real Doflow API adapters and capabilities","3e8d66ab21730ed3f2c0c3a00f246ca02a28867581956e4b48c6c467225d1d32","664d191375e6b91562c7bba0dfcf45c1cc98adb59b7da6bcb311a385ee212be4","PASS","PASS"
"src/features/commercial/components/commercial-subject-combobox.tsx","apps/frontend/src/features/commercial/components/commercial-subject-combobox.tsx","VERBATIM","","SHA-256 identical","9f06dbb90f13397597a8b4af836f38fc43a4c30a3babd8538e7441a91f7314ff","9f06dbb90f13397597a8b4af836f38fc43a4c30a3babd8538e7441a91f7314ff","N/A","N/A"
"src/features/commercial/components/commercial-support-page.tsx","apps/frontend/src/features/commercial/components/commercial-support-page.tsx","VISUAL_VERBATIM_DATA_ADAPTER","E,F,H","Commercial UI contract backed by real Doflow API adapters and capabilities","552f64ad44a4c21dd01f9884c2370952000e13b515ea01747293af01730a941a","06d4d32c48e5824d5bfee4131a40fa052ed1004fa35339fca9334a8c9f801d43","PASS","PASS"
"src/features/commercial/components/commercial-timeline.tsx","apps/frontend/src/features/commercial/components/commercial-timeline.tsx","VERBATIM","","SHA-256 identical","23e7a5927747e0edf6381e861bf6e6992e720b2b75d0e419ca2642a88ffed094","23e7a5927747e0edf6381e861bf6e6992e720b2b75d0e419ca2642a88ffed094","N/A","N/A"
"src/features/commercial/components/commercial-workspace-page.tsx","apps/frontend/src/features/commercial/components/commercial-workspace-page.tsx","VISUAL_VERBATIM_DATA_ADAPTER","E,F,H","Commercial UI contract backed by real Doflow API adapters and capabilities","e5e8a4f9ed34d0737975a56463397d209498a1a7b01236b39dea9f8004491204","445f5c3981e7351a4b059b0e74698b46471039e8f715bad00dac652b850f3b04","PASS","PASS"
"src/features/commercial/components/contract-renewal-operations-page.tsx","apps/frontend/src/features/commercial/components/contract-renewal-operations-page.tsx","VISUAL_VERBATIM_DATA_ADAPTER","E,F,H","Commercial UI contract backed by real Doflow API adapters and capabilities","97cbe5d9306af12b8ed5a334f93760d6d8ca2f545d74999d879002f679bff8f6","648c95992923cb1fa6ac3e5fa68bf877566b615295a51b07b3fc84ff425dc433","PASS","PASS"
"src/features/commercial/components/customer-form-dialog.tsx","apps/frontend/src/features/commercial/components/customer-form-dialog.tsx","VISUAL_VERBATIM_DATA_ADAPTER","E,F,H","Commercial UI contract backed by real Doflow API adapters and capabilities","25216257e9c7b005fc9c3f2eab37093539e8a31116ac3a422186836c435aaa3e","b2d332bf18381bdd12853bf0101b8edb7ca50dada9633d840c0f501ae5400ce3","PASS","PASS"
"src/features/commercial/components/customer-logo.tsx","apps/frontend/src/features/commercial/components/customer-logo.tsx","VERBATIM","","SHA-256 identical","a850bc8f3365b313c89c1ab9e625ce35272f998a7ee2539e8992a3194d884439","a850bc8f3365b313c89c1ab9e625ce35272f998a7ee2539e8992a3194d884439","N/A","N/A"
"src/features/commercial/components/duplicates-page.tsx","apps/frontend/src/features/commercial/components/duplicates-page.tsx","VERBATIM","","SHA-256 identical","7bf97e16ae0468e5d0f4ea9728b24ced34afb5d12ea402d2bb75b2c4f0faed7d","7bf97e16ae0468e5d0f4ea9728b24ced34afb5d12ea402d2bb75b2c4f0faed7d","N/A","N/A"
"src/features/commercial/components/google-contacts-export-dialog.tsx","apps/frontend/src/features/commercial/components/google-contacts-export-dialog.tsx","VISUAL_VERBATIM_DATA_ADAPTER","E,F,H","Commercial UI contract backed by real Doflow API adapters and capabilities","1d1f9bbbfdac2e4cf78d22bcbc18703d7b149edcb3d97579b97c1ca81c69293a","5839a6d010efb1a121fd75768dd7e65b4bbaa148fe5998f65356c659f97c0bc4","PASS","PASS"
"src/features/commercial/components/guided-call-sheet.tsx","apps/frontend/src/features/commercial/components/guided-call-sheet.tsx","VISUAL_VERBATIM_DATA_ADAPTER","E,F,H","Commercial UI contract backed by real Doflow API adapters and capabilities","164d813e7e666fd46577e8746d60b6d1de4f781218787562772542d9fab3278e","1a62d4ca31106ccb305ecf0b4116f788eeb711b3e9a898293c057ce687d6ca48","DIFF","PASS"
"src/features/commercial/components/lead-archive-dialog.tsx","apps/frontend/src/features/commercial/components/lead-archive-dialog.tsx","VERBATIM","","SHA-256 identical","88bffe405d403f302602a91401413f0a52c2ebdef935b88e74e2ea05cc7f7df7","88bffe405d403f302602a91401413f0a52c2ebdef935b88e74e2ea05cc7f7df7","N/A","N/A"
"src/features/commercial/components/lead-commercial-path.tsx","apps/frontend/src/features/commercial/components/lead-commercial-path.tsx","VISUAL_VERBATIM_DATA_ADAPTER","E,F,H","Commercial UI contract backed by real Doflow API adapters and capabilities","77a287cd08b3f71aae9f6a649a5b4e7d8821ad536c22d2641a0c89956d24be89","ae35ce477b44d47337d144f8b5f286e2c9f5f1be03c279cb5997e57b052ff8f9","PASS","PASS"
"src/features/commercial/components/lead-detail/lead-detail-actions.tsx","apps/frontend/src/features/commercial/components/lead-detail/lead-detail-actions.tsx","VISUAL_VERBATIM_DATA_ADAPTER","E,F,H","Commercial UI contract backed by real Doflow API adapters and capabilities","94918e2fd1590f758ac288095df23b229ed553a2fb22748c1a160f5ab740f8a3","084971f7dd5103f8a6894e0e60ebcd259034f786ec62d2a0fd8b653d1089db69","PASS","PASS"
"src/features/commercial/components/lead-detail/lead-detail-operational-card.tsx","apps/frontend/src/features/commercial/components/lead-detail/lead-detail-operational-card.tsx","VERBATIM","","SHA-256 identical","49223a0296b0df6844772e89536fc9a33823ba149d74eb6c7e944d545a817ce0","49223a0296b0df6844772e89536fc9a33823ba149d74eb6c7e944d545a817ce0","N/A","N/A"
"src/features/commercial/components/lead-detail/lead-detail-page.tsx","apps/frontend/src/features/commercial/components/lead-detail/lead-detail-page.tsx","VISUAL_VERBATIM_DATA_ADAPTER","E,F,H","Commercial UI contract backed by real Doflow API adapters and capabilities","baef98b0ea0b1b097b1a2477c3997a1172347ff33cc2e32a88c751ef0473bdcf","49d685274cd75b260795264f42dcde2a0e6e896e89aa0faba823403731cb52f7","PASS","PASS"
"src/features/commercial/components/lead-detail/lead-detail-workspace.tsx","apps/frontend/src/features/commercial/components/lead-detail/lead-detail-workspace.tsx","VERBATIM","","SHA-256 identical","15bf78d29bf7eb21c371bfccfc80f7337e6e1cd912a533b892ae35e56fbf5eeb","15bf78d29bf7eb21c371bfccfc80f7337e6e1cd912a533b892ae35e56fbf5eeb","N/A","N/A"
"src/features/commercial/components/lead-detail/lead-timeline-card.tsx","apps/frontend/src/features/commercial/components/lead-detail/lead-timeline-card.tsx","VERBATIM","","SHA-256 identical","de8e9f33ee828b42275b4852752801af0c0b4efe24a23d8cebd30dfd3bcf6b90","de8e9f33ee828b42275b4852752801af0c0b4efe24a23d8cebd30dfd3bcf6b90","N/A","N/A"
"src/features/commercial/components/lead-quick-sheet.tsx","apps/frontend/src/features/commercial/components/lead-quick-sheet.tsx","VISUAL_VERBATIM_DATA_ADAPTER","E,F,H","Commercial UI contract backed by real Doflow API adapters and capabilities","7f5c4881972a41970fd2b1d344de1d522b9bdbbbee07c1c36f2547514d47736b","280bb9e1159080649ef24c820e34b408147614f704ff93d4d3995c6202daa1d5","PASS","PASS"
"src/features/commercial/components/open-in-calendar-link.tsx","apps/frontend/src/features/commercial/components/open-in-calendar-link.tsx","VERBATIM","","SHA-256 identical","22fca8bfb13dfcb265ccae6b98636022c16d94c997ec8a99a34fd140de692052","22fca8bfb13dfcb265ccae6b98636022c16d94c997ec8a99a34fd140de692052","N/A","N/A"
"src/features/commercial/components/project-production-panel.tsx","apps/frontend/src/features/commercial/components/project-production-panel.tsx","VISUAL_VERBATIM_DATA_ADAPTER","E,F,H","Commercial UI contract backed by real Doflow API adapters and capabilities","bd844507563fe92d85f91d70dfc31cb1e39653f3681f69d94e74bd5e4c32d3bf","8291bcdec82798514a0d4cb312a356cc170dfae8714c13d71fbfa071ff46a802","PASS","PASS"
"src/features/commercial/components/project-status-badge.tsx","apps/frontend/src/features/commercial/components/project-status-badge.tsx","VERBATIM","","SHA-256 identical","54aa83bc5749fd62997abc204c782406ea2a508d354cc0f55b9a9d46041b7bed","54aa83bc5749fd62997abc204c782406ea2a508d354cc0f55b9a9d46041b7bed","N/A","N/A"
"src/features/commercial/components/quote-document.module.css","apps/frontend/src/features/commercial/components/quote-document.module.css","VERBATIM","","SHA-256 identical","5fab18087f30676c406dce1d5ac39ed909e9e4ee62f17e0f292b493579eccf07","5fab18087f30676c406dce1d5ac39ed909e9e4ee62f17e0f292b493579eccf07","N/A","N/A"
"src/features/commercial/components/quote-document.tsx","apps/frontend/src/features/commercial/components/quote-document.tsx","VERBATIM","","SHA-256 identical","61010466d8726f9585a8166842180b8a76d066cc6a22b72baa1cb121ad2cacd9","61010466d8726f9585a8166842180b8a76d066cc6a22b72baa1cb121ad2cacd9","N/A","N/A"
"src/features/commercial/components/ranking-winner-badges.tsx","apps/frontend/src/features/commercial/components/ranking-winner-badges.tsx","VERBATIM","","SHA-256 identical","ae43eccc3d8583f31e375ca8808f3bed141e141d72041292029af82b04a5764d","ae43eccc3d8583f31e375ca8808f3bed141e141d72041292029af82b04a5764d","N/A","N/A"
"src/features/commercial/components/record-collaboration-panel.tsx","apps/frontend/src/features/commercial/components/record-collaboration-panel.tsx","VISUAL_VERBATIM_DATA_ADAPTER","E,F,H","Commercial UI contract backed by real Doflow API adapters and capabilities","dc66535251aae18e9b871b23f711f38c249f474e38542f22f5ba0c54d75fd486","2f4172a7cc3b31037186bcbbd4707fbea7625c95b88825463282f20139b8b3dd","PASS","PASS"
"src/features/commercial/components/team-duties-panel.tsx","apps/frontend/src/features/commercial/components/team-duties-panel.tsx","VERBATIM","","SHA-256 identical","19b0fb5759027632ed7daed4d6b79aa21f2b42ff73db49f41a779749719e5db9","19b0fb5759027632ed7daed4d6b79aa21f2b42ff73db49f41a779749719e5db9","N/A","N/A"
"src/features/commercial/components/team-workload-view.tsx","apps/frontend/src/features/commercial/components/team-workload-view.tsx","VERBATIM","","SHA-256 identical","ed1b31088039ab6a0d4d194d855c3c551d328c8441d19bf7187cde640eee6557","ed1b31088039ab6a0d4d194d855c3c551d328c8441d19bf7187cde640eee6557","N/A","N/A"
"src/features/commercial/data/commercial-fixtures.ts","apps/frontend/src/features/commercial/data/commercial-fixtures.ts","VERBATIM","","SHA-256 identical","39d1b18495b96e7ef96c3f097dca7dba9a870d3728bd899366aa4a32770e6ddd","39d1b18495b96e7ef96c3f097dca7dba9a870d3728bd899366aa4a32770e6ddd","N/A","N/A"
"src/features/commercial/data/fixtures.ts","apps/frontend/src/features/commercial/data/fixtures.ts","VISUAL_VERBATIM_DATA_ADAPTER","E,F,H","Commercial UI contract backed by real Doflow API adapters and capabilities","31e6b4ba285bad9270ca16d92c8426f2464b7dd435b7af841d31aea61acb909f","a3f3708f7edc4d04da1988d6de8d94ba3d798309aeba93905b9960b9ef59ae9c","N/A","N/A"
"src/features/commercial/document-status.tsx","apps/frontend/src/features/commercial/document-status.tsx","VERBATIM","","SHA-256 identical","0408ba1b3821103a0089b98f021ecd66dc6390f7adb8085801cdc65ad387eb41","0408ba1b3821103a0089b98f021ecd66dc6390f7adb8085801cdc65ad387eb41","N/A","N/A"
"src/features/commercial/duplicates.ts","apps/frontend/src/features/commercial/duplicates.ts","VISUAL_VERBATIM_DATA_ADAPTER","E,F,H","Commercial UI contract backed by real Doflow API adapters and capabilities","0c6b4597126ccf2835571d8f5d441c3f4b6d5fc1b1b7c8bde8276d9da050cb1a","db867610007e03cd9c60e8abb0883560cfeb069010c62be98121676d08e31547","N/A","N/A"
"src/features/commercial/google-contacts-export.ts","apps/frontend/src/features/commercial/google-contacts-export.ts","VERBATIM","","SHA-256 identical","be0965d1ddef70322f5bf5a39e47ecb878c9cdc4f58840d9dace82fdbe457494","be0965d1ddef70322f5bf5a39e47ecb878c9cdc4f58840d9dace82fdbe457494","N/A","N/A"
"src/features/commercial/types.ts","apps/frontend/src/features/commercial/types.ts","VISUAL_VERBATIM_DATA_ADAPTER","E,F,H","Commercial UI contract backed by real Doflow API adapters and capabilities","a39ef5a4eaaeafcb3216d932d5b06ed3f5695c1c0f3e8aea532db6b447d73c74","61b77fc0a6417bfb2c40e762c8e8b559756a397e5560af36ee1e16b8af3098a7","N/A","N/A"
"src/features/company-intelligence/company-intelligence-page.tsx","apps/frontend/src/features/company-intelligence/company-intelligence-page.tsx","VERBATIM","","SHA-256 identical","23620c85e22e930650b06c30d0ae7cb2bf56479d8e283188afafbd0f17fdea11","23620c85e22e930650b06c30d0ae7cb2bf56479d8e283188afafbd0f17fdea11","N/A","N/A"
"src/features/company-intelligence/company-intelligence-provider.tsx","apps/frontend/src/features/company-intelligence/company-intelligence-provider.tsx","VISUAL_VERBATIM_DATA_ADAPTER","E,F,H","Provider implementation mapped to authenticated Doflow APIs and real tenant data","148de4bd458164079d3a9ebc0ca54aca33ece972fcfa12b83d6c1f5891b1a8ea","6a3cf73aee1aef9626dcaf4bc6077e8fcb7cc38e60f64bc911f1bda4719e4105","PASS","PASS"
"src/features/company-intelligence/company-intelligence-report-tools.tsx","apps/frontend/src/features/company-intelligence/company-intelligence-report-tools.tsx","VERBATIM","","SHA-256 identical","00427db21954bb41958479c30a7ed4a2bc8a5a29a3ea4f4294135bb2feb8dc27","00427db21954bb41958479c30a7ed4a2bc8a5a29a3ea4f4294135bb2feb8dc27","N/A","N/A"
"src/features/company-intelligence/company-intelligence-types.ts","apps/frontend/src/features/company-intelligence/company-intelligence-types.ts","VISUAL_VERBATIM_DATA_ADAPTER","E,F,H","Reference contract backed by available Doflow APIs; unsupported mutations are explicitly blocked","c254dd61089f90455d28b0cf88433b5af6d3547d1092209e93ddd82e53aa6389","251c5db4820683a35dda527fe47e0007cde7aa9680f58ebeac416f7eb2b92df6","N/A","N/A"
"src/features/dashboard/components/dashboard-goals-card.tsx","apps/frontend/src/features/dashboard/components/dashboard-goals-card.tsx","VERBATIM","","SHA-256 identical","bb37a95b78d2e35ca1855761fe40a01a7113b95528391f434b949f963022aaf0","bb37a95b78d2e35ca1855761fe40a01a7113b95528391f434b949f963022aaf0","N/A","N/A"
"src/features/dashboard/components/dashboard-greeting.tsx","apps/frontend/src/features/dashboard/components/dashboard-greeting.tsx","VERBATIM","","SHA-256 identical","a53e748a676d2591472b14d0cb66e5a4364a595021ee901813726597705b7708","a53e748a676d2591472b14d0cb66e5a4364a595021ee901813726597705b7708","N/A","N/A"
"src/features/dashboard/components/dashboard-states.tsx","apps/frontend/src/features/dashboard/components/dashboard-states.tsx","VERBATIM","","SHA-256 identical","bbc9c2c0ea3965bf3f3cd385f7ec12e3468186af75e985cf164c9da443ae9194","bbc9c2c0ea3965bf3f3cd385f7ec12e3468186af75e985cf164c9da443ae9194","N/A","N/A"
"src/features/dashboard/components/financial-summary-chart.tsx","apps/frontend/src/features/dashboard/components/financial-summary-chart.tsx","VERBATIM","","SHA-256 identical","00448cdeca4568ffe3ad3314217edb9338f147b891a7feccf06a018427f3ab6d","00448cdeca4568ffe3ad3314217edb9338f147b891a7feccf06a018427f3ab6d","N/A","N/A"
"src/features/dashboard/components/metric-area-chart.tsx","apps/frontend/src/features/dashboard/components/metric-area-chart.tsx","VERBATIM","","SHA-256 identical","b1e8a23c869a50fd6465f60c812734584414d40755606f6013e73d030e640f2f","b1e8a23c869a50fd6465f60c812734584414d40755606f6013e73d030e640f2f","N/A","N/A"
"src/features/dashboard/components/metric-line-chart.tsx","apps/frontend/src/features/dashboard/components/metric-line-chart.tsx","VERBATIM","","SHA-256 identical","06ab61dd0c48aa45374f49f87d9eccc9c29465d933d9acc49744f6084aab79dc","06ab61dd0c48aa45374f49f87d9eccc9c29465d933d9acc49744f6084aab79dc","N/A","N/A"
"src/features/dashboard/dashboard-overview.tsx","apps/frontend/src/features/dashboard/dashboard-overview.tsx","VISUAL_VERBATIM_DATA_ADAPTER","E,H","Real Doflow API/data compatibility adapter","5eb1997b1fa0dfb75c997a008de7bd07cb62a301b75394dee372657788642fe2","30112cc889b1062fd930fe0450d0f374cc2df80ce5aa1f783c605dee9a4baf47","PASS","PASS"
"src/features/dashboard/dashboard-time.ts","apps/frontend/src/features/dashboard/dashboard-time.ts","VERBATIM","","SHA-256 identical","5bdf41bbaa973b330729d36853f1caf91d199416862265e0f4969129e6212b0a","5bdf41bbaa973b330729d36853f1caf91d199416862265e0f4969129e6212b0a","N/A","N/A"
"src/features/dashboard/data/dashboard-fixtures.ts","apps/frontend/src/features/dashboard/data/dashboard-fixtures.ts","VERBATIM","","SHA-256 identical","6443c7b88ed50ec556bddf1050b4ec774bb8a9b3ccbc1dfb9bed18e1123c4e13","6443c7b88ed50ec556bddf1050b4ec774bb8a9b3ccbc1dfb9bed18e1123c4e13","N/A","N/A"
"src/features/dashboard/formatters.ts","apps/frontend/src/features/dashboard/formatters.ts","VERBATIM","","SHA-256 identical","60d40e087c26402c463d6cc67b229543839f8b714ffe24b4ddf5d06619c80968","60d40e087c26402c463d6cc67b229543839f8b714ffe24b4ddf5d06619c80968","N/A","N/A"
"src/features/dashboard/role-aware-dashboard.tsx","apps/frontend/src/features/dashboard/role-aware-dashboard.tsx","VERBATIM","","SHA-256 identical","6e30f3d74a7ee5aca3e7716206da0211c927e0adb7d07b96d356e5fceab371b5","6e30f3d74a7ee5aca3e7716206da0211c927e0adb7d07b96d356e5fceab371b5","N/A","N/A"
"src/features/dashboard/synchronized-dashboard-overview.tsx","apps/frontend/src/features/dashboard/synchronized-dashboard-overview.tsx","VISUAL_VERBATIM_DATA_ADAPTER","E,H","Real Doflow API/data compatibility adapter","e031c23191e4c58f8cb61e972c437bac5df16585d57dc2689f7430554ed40c00","ce87e837cc135a8f136dac58e95ab5b6baf44d1ed86cfd9b08299f637241d969","PASS","PASS"
"src/features/dashboard/trend.ts","apps/frontend/src/features/dashboard/trend.ts","VERBATIM","","SHA-256 identical","39b1a2ee2adcf5ad822e5da5350f3845044442b23832a056707d0e970976f2bd","39b1a2ee2adcf5ad822e5da5350f3845044442b23832a056707d0e970976f2bd","N/A","N/A"
"src/features/dashboard/types.ts","apps/frontend/src/features/dashboard/types.ts","VERBATIM","","SHA-256 identical","22dc8021019e836509911b866061c7b53dc97ca5614a6d7401c4b81f3f152c04","22dc8021019e836509911b866061c7b53dc97ca5614a6d7401c4b81f3f152c04","N/A","N/A"
"src/features/flow/flow-assets.ts","apps/frontend/src/features/flow/flow-assets.ts","VERBATIM","","SHA-256 identical","925ff63f3345ff40962a108068ac7a8a971263009d4289c2e87b7fc9c3fe8260","925ff63f3345ff40962a108068ac7a8a971263009d4289c2e87b7fc9c3fe8260","N/A","N/A"
"src/features/flow/flow-assistant.tsx","apps/frontend/src/features/flow/flow-assistant.tsx","VERBATIM","","SHA-256 identical","57e525c3cc2b2dc519173903476d08021b5a8a3f79a74dadbe7f16d7c406b856","57e525c3cc2b2dc519173903476d08021b5a8a3f79a74dadbe7f16d7c406b856","N/A","N/A"
"src/features/flow/flow-empty-state.tsx","apps/frontend/src/features/flow/flow-empty-state.tsx","VERBATIM","","SHA-256 identical","90599a22f85183804b9f984305420a104def89326f9613ff98e0d68846993a1d","90599a22f85183804b9f984305420a104def89326f9613ff98e0d68846993a1d","N/A","N/A"
"src/features/flow/flow-experience-provider.tsx","apps/frontend/src/features/flow/flow-experience-provider.tsx","VISUAL_VERBATIM_DATA_ADAPTER","E,F,H","Provider implementation mapped to authenticated Doflow APIs and real tenant data","c434c4635bb8c389dabc32177b1678563ba4210a539e9fc2abd8b9eb4267a294","ec34b904ee2971675cd17dbb0e7159f1089b53986ce1cc6f344c48fd86d2c160","PASS","PASS"
"src/features/flowboard/flowboard-comments-sheet.tsx","apps/frontend/src/features/flowboard/flowboard-comments-sheet.tsx","VISUAL_VERBATIM_DATA_ADAPTER","E,F,H","Reference contract backed by available Doflow APIs; unsupported mutations are explicitly blocked","76b06af84bbc0d5e5e13048d69a8bc70d86018ce8d1f35f268e651f4db6e5312","1c1fe08882aabe5c003ec827bdfbd0b32fd6560c0944043c883cf454d8410d34","PASS","PASS"
"src/features/flowboard/flowboard-editor-page.tsx","apps/frontend/src/features/flowboard/flowboard-editor-page.tsx","VERBATIM","","SHA-256 identical","46c8024051b9ccf99c2f36b467e66a7323535873de74f9aca88cf1a4f9ab683b","46c8024051b9ccf99c2f36b467e66a7323535873de74f9aca88cf1a4f9ab683b","N/A","N/A"
"src/features/flowboard/flowboard-home-page.tsx","apps/frontend/src/features/flowboard/flowboard-home-page.tsx","VISUAL_VERBATIM_DATA_ADAPTER","E,F,H","Reference contract backed by available Doflow APIs; unsupported mutations are explicitly blocked","39d3c23e7e9c37c5fcdb1c4f229826434f19154ec52484288f895f0895926da4","8bac40a0103ccde60ec3ec6561a0f8a3b9514c2188382fdcfbe19fa883642b5b","PASS","PASS"
"src/features/flowboard/flowboard-node.tsx","apps/frontend/src/features/flowboard/flowboard-node.tsx","VERBATIM","","SHA-256 identical","7b0da443e55411f39f15bf1177594d6e7593eb5cad782c2d54015fac771b8008","7b0da443e55411f39f15bf1177594d6e7593eb5cad782c2d54015fac771b8008","N/A","N/A"
"src/features/flowboard/flowboard-provider.tsx","apps/frontend/src/features/flowboard/flowboard-provider.tsx","VISUAL_VERBATIM_DATA_ADAPTER","E,F,H","Provider implementation mapped to authenticated Doflow APIs and real tenant data","b78d255d3e882b3a9468a4733d693ffc861cdd2d7b3410ff7147dfcf73111a4f","be577f232653cb0e45c91309bc3422b8f07edc8d91794b9bfe93d2a138b912ed","PASS","PASS"
"src/features/flowboard/flowboard-share-dialog.tsx","apps/frontend/src/features/flowboard/flowboard-share-dialog.tsx","VISUAL_VERBATIM_DATA_ADAPTER","E,F,H","Reference contract backed by available Doflow APIs; unsupported mutations are explicitly blocked","0543020c9ce3f66ec5b982109b387e20ebf364fee1382eba1767578839c3b05a","da3393ee1cba2252d8a151e0a95567414bdb7e5169df89eb8b52faf10285f936","PASS","PASS"
"src/features/flowboard/flowboard-types.ts","apps/frontend/src/features/flowboard/flowboard-types.ts","VISUAL_VERBATIM_DATA_ADAPTER","E,F,H","Reference contract backed by available Doflow APIs; unsupported mutations are explicitly blocked","66850030aa0a04c1a829446ad94ba50d37451ae65d1cff416a600889e59450a3","0c0bb9b2f851ca25ad9aaea90d1785dad044f58e13f6623a184c62412f664c0f","N/A","N/A"
"src/features/identity/access-denied.tsx","apps/frontend/src/features/identity/access-denied.tsx","VISUAL_VERBATIM_DATA_ADAPTER","E,F,H","Doflow identity, permission, session, presence, and real-user authority","12a4b64460e7bfcfc9c8c38a54e1a4f384fbb9295091bf852dc583cfda6e0b0d","e7aaeaad540ebc862ad326ab0249d8e6537f83c4768078f786d23293debf777a","PASS","PASS"
"src/features/identity/authorized-pages.tsx","apps/frontend/src/features/identity/authorized-pages.tsx","VERBATIM","","SHA-256 identical","007e9fa89dbb6d36350bccc743a03d98ade0072009766f0ee7c4ce1d8c3141d4","007e9fa89dbb6d36350bccc743a03d98ade0072009766f0ee7c4ce1d8c3141d4","N/A","N/A"
"src/features/identity/doflow-auth-shell.tsx","apps/frontend/src/features/identity/doflow-auth-shell.tsx","EXCLUDED","A","D3CC801 AUTHORITY: pre-auth component excluded","6774f8715ec93f61d5f4bd69bfbb416fce3e1c8cf2a22ed5d96c181907e68afc","","N/A","N/A"
"src/features/identity/doflow-identity-provider.tsx","apps/frontend/src/features/identity/doflow-identity-provider.tsx","VISUAL_VERBATIM_DATA_ADAPTER","E,F,H","Provider implementation mapped to authenticated Doflow APIs and real tenant data","51d581cce5b6b78611d7df87d75b47af3dea0e3b3340e8cc05c539c7b66736c8","5f7b05cbd037e5b6c8cf36380804ceab3678328418f58247a4c40f043ef7deee","PASS","PASS"
"src/features/identity/doflow-login-page.tsx","apps/frontend/src/features/identity/doflow-login-page.tsx","EXCLUDED","A","D3CC801 AUTHORITY: pre-auth component excluded","98a1d9d357b68c898bb8482cbbeaf47eb27e47f1af25ad187835c876f80b03b4","","N/A","N/A"
"src/features/identity/doflow-presence-provider.tsx","apps/frontend/src/features/identity/doflow-presence-provider.tsx","VISUAL_VERBATIM_DATA_ADAPTER","E,F,H","Provider implementation mapped to authenticated Doflow APIs and real tenant data","006d0532516170c24f06ec33d02ca7ff54576ee01a86a4dfa82b7e7a5fc118dc","f839bddd8bce044a2c93b514eb33dea31a69d288b10db05df16a41bd622d89bf","PASS","PASS"
"src/features/identity/forgot-password-page.tsx","apps/frontend/src/features/identity/forgot-password-page.tsx","EXCLUDED","A","D3CC801 AUTHORITY: pre-auth component excluded","5b765afe4a95b07f2cf72c3f8d32b932eef0c2d5c9991b2f9369027870a5a605","","N/A","N/A"
"src/features/identity/identity-session-guard.tsx","apps/frontend/src/features/identity/identity-session-guard.tsx","VISUAL_VERBATIM_DATA_ADAPTER","E,F,H","Doflow identity, permission, session, presence, and real-user authority","5632c83663be4f140e3d3c63903f31f54062be13d1a2238087511186988c61f0","50801cb8d8cc9a63870a5fafc599f473d171fbe0e05307df5304f14fccc23afb","PASS","PASS"
"src/features/identity/permissions.ts","apps/frontend/src/features/identity/permissions.ts","VISUAL_VERBATIM_DATA_ADAPTER","E,F,H","Doflow identity, permission, session, presence, and real-user authority","3e7ab9c278983d62e48e15dbad60f68332737961a2decfebac3ec49966a3eb39","4313e904aa7edc1aec532290e2c835e3a8d1f756498fa080bfe346a6ad2a3061","N/A","N/A"
"src/features/identity/presence-indicator.tsx","apps/frontend/src/features/identity/presence-indicator.tsx","VERBATIM","","SHA-256 identical","06fc821a2c52751125588cf1f062aa618873718d96b3f51d0b8762f8c38bc9e8","06fc821a2c52751125588cf1f062aa618873718d96b3f51d0b8762f8c38bc9e8","N/A","N/A"
"src/features/identity/presence-user-option.tsx","apps/frontend/src/features/identity/presence-user-option.tsx","VERBATIM","","SHA-256 identical","209fae99083d8c3827f009e8214d43e06807c43e402564b0a6d437938c1b8cd2","209fae99083d8c3827f009e8214d43e06807c43e402564b0a6d437938c1b8cd2","N/A","N/A"
"src/features/identity/presence.ts","apps/frontend/src/features/identity/presence.ts","VERBATIM","","SHA-256 identical","28cd982078ef84ef48dda03b691bf16a50c37fd9c971a7422b76b33cd34a1a8f","28cd982078ef84ef48dda03b691bf16a50c37fd9c971a7422b76b33cd34a1a8f","N/A","N/A"
"src/features/identity/reset-password-page.tsx","apps/frontend/src/features/identity/reset-password-page.tsx","EXCLUDED","A","D3CC801 AUTHORITY: pre-auth component excluded","3a20dc1f0ef706e0cbd83eca5dd9680a7a02b57f7e8436f5c564cd8012600d5c","","N/A","N/A"
"src/features/identity/team-presence-panel.tsx","apps/frontend/src/features/identity/team-presence-panel.tsx","VISUAL_VERBATIM_DATA_ADAPTER","E,F,H","Doflow identity, permission, session, presence, and real-user authority","bc0b0b93188a2d1bc3075bc0c393e60342b82453913c74e3aec3172f52f0a0f6","1eec9d55a63f9a67b040a6a097954bba0075b2a1a4280eacc899d731c7959ffa","PASS","PASS"
"src/features/identity/use-authorized-commercial.ts","apps/frontend/src/features/identity/use-authorized-commercial.ts","VISUAL_VERBATIM_DATA_ADAPTER","E,F,H","Doflow identity, permission, session, presence, and real-user authority","f817b5b642bbdfda8ef19d6d99b7442c8f2d81d56de61d5a9e1953cf5fb25333","b27d67280ad052b41498440e545cfa923c1ae05495c7c2d1cd5c746ba416198d","N/A","N/A"
"src/features/inbox/customer-inbox-page.tsx","apps/frontend/src/features/inbox/customer-inbox-page.tsx","VISUAL_VERBATIM_DATA_ADAPTER","E,F,H","Reference contract backed by available Doflow APIs; unsupported mutations are explicitly blocked","4eddcffd90e9f3a180ff40ce9b19a4bc5f61d48e8e75ffbb2c508e12b11fb3d3","a3f36d8bccf986ce0a3843302ab44722c0fb3be35b75882821f5a488290f4b21","DIFF","DIFF"
"src/features/inbox/customer-inbox-provider.tsx","apps/frontend/src/features/inbox/customer-inbox-provider.tsx","VISUAL_VERBATIM_DATA_ADAPTER","E,F,H","Provider implementation mapped to authenticated Doflow APIs and real tenant data","7a8a6e8132193496d13f2ec5a7a33e374a8ae732602f5e60623159d41fd5e4a5","7ec6d7bf00db7fe5aa3717b7513b8d34ea3c2bfe084434c8584d5dbd674672cd","PASS","PASS"
"src/features/inbox/customer-inbox.ts","apps/frontend/src/features/inbox/customer-inbox.ts","VISUAL_VERBATIM_DATA_ADAPTER","E,F,H","Reference contract backed by available Doflow APIs; unsupported mutations are explicitly blocked","d92b4229817bc4372e6eb7d79fe3006f136225b73fe4f31fca79eb2c331e15c0","2cd5127b0aaa9d51c90f966e6f34a81046e404b68a5c5b8a55282a640e98fe3b","N/A","N/A"
"src/hooks/use-mobile.ts","apps/frontend/src/hooks/use-mobile.ts","VERBATIM","","SHA-256 identical","eb94d0f8f4c4f834a421dea140b1b7ee0a676c07b3281513e45b474b29065ffd","eb94d0f8f4c4f834a421dea140b1b7ee0a676c07b3281513e45b474b29065ffd","N/A","N/A"
"src/lib/app-releases-server.ts","apps/frontend/src/lib/app-releases-server.ts","EXCLUDED","E","Reference Prisma/server repository excluded; Doflow Nest API remains authoritative","989bc34525604e74a8572c4bcf6b44ac6d0879ec42d94311b0ca38f6d7d3fffa","","N/A","N/A"
"src/lib/app-version.ts","apps/frontend/src/lib/app-version.ts","VERBATIM","","SHA-256 identical","037867cb033547fff9f2d540dc7998a53836ada4604aee0a8dacfeeb819d157f","037867cb033547fff9f2d540dc7998a53836ada4604aee0a8dacfeeb819d157f","N/A","N/A"
"src/lib/auth-server.ts","apps/frontend/src/lib/auth-server.ts","EXCLUDED","A","D3CC801 AUTHORITY: reference session implementation excluded","165ee6e6363f59036d22c8266c213e2d3b6436e54605dd4cb477370e46f091f2","","N/A","N/A"
"src/lib/bonus-repository.ts","apps/frontend/src/lib/bonus-repository.ts","EXCLUDED","E","Reference Prisma/server repository excluded; Doflow Nest API remains authoritative","16078dccd655575a2f5eb8dc93eec69ddf00ae952ab0026029b0eb49df73e7d7","","N/A","N/A"
"src/lib/calendar-integrations-server.ts","apps/frontend/src/lib/calendar-integrations-server.ts","EXCLUDED","E","Reference Prisma/server repository excluded; Doflow Nest API remains authoritative","8e0dfe5ec8e184750d29d46ebf2bc0a5cb77317c4236fc6d1f3d028631101d03","","N/A","N/A"
"src/lib/company-intelligence-server.ts","apps/frontend/src/lib/company-intelligence-server.ts","EXCLUDED","E","Reference Prisma/server repository excluded; Doflow Nest API remains authoritative","04ec2237f6b8a4db8c2b08500e02a4787ecb937565ebfab4d43438fbce538b84","","N/A","N/A"
"src/lib/conversation-repository.ts","apps/frontend/src/lib/conversation-repository.ts","EXCLUDED","E","Reference Prisma/server repository excluded; Doflow Nest API remains authoritative","5aff2b57e1a8bfacaae7d134829ddc726dbf8d817728082634c7eaa65c078cd7","","N/A","N/A"
"src/lib/customer-inbox-server.ts","apps/frontend/src/lib/customer-inbox-server.ts","EXCLUDED","E","Reference Prisma/server repository excluded; Doflow Nest API remains authoritative","14f12bcf714b1f144715d2189f0544a7881d5518117c58649fdb1985b4649e34","","N/A","N/A"
"src/lib/date.ts","apps/frontend/src/lib/date.ts","VERBATIM","","SHA-256 identical","87717fa47fb173478c3a7ae6654d37757949ba8f230ed1d9b885676e251445f3","87717fa47fb173478c3a7ae6654d37757949ba8f230ed1d9b885676e251445f3","N/A","N/A"
"src/lib/doflow-notifications.ts","apps/frontend/src/lib/doflow-notifications.ts","VISUAL_VERBATIM_DATA_ADAPTER","E,H","Notification DTO mapping uses the real Doflow API","05568b0a7f18ef6c10317c861bdcf302b1d7e005678cce85f2e651ba0ee94c51","5aa0a8b137f195c9943a25ddd0886534ceeaee13611273cef20c64f9063e1056","N/A","N/A"
"src/lib/flow-preferences-server.ts","apps/frontend/src/lib/flow-preferences-server.ts","EXCLUDED","E","Reference Prisma/server repository excluded; Doflow Nest API remains authoritative","431407aaa9c7e9ad56c4bb4b6f10ce81d6fec1a91869522f0676427d88bcd96f","","N/A","N/A"
"src/lib/flowboard-server.ts","apps/frontend/src/lib/flowboard-server.ts","EXCLUDED","E","Reference Prisma/server repository excluded; Doflow Nest API remains authoritative","f029ac13b6410b175fa898a977223aaf6d6b0f917385659dbe829ae58ab3e109","","N/A","N/A"
"src/lib/presence-server.ts","apps/frontend/src/lib/presence-server.ts","EXCLUDED","E","Reference Prisma/server repository excluded; Doflow Nest API remains authoritative","d7c75289dbbf9d79a6899fcc42a920230452efd094e648f63b8324b4f663850a","","N/A","N/A"
"src/lib/prisma.ts","apps/frontend/src/lib/prisma.ts","EXCLUDED","E","Reference Prisma/server repository excluded; Doflow Nest API remains authoritative","ec951ccc03e62d303166899b55ba94f4e8cf684d4bff8b10e84855127bfbcdfd","","N/A","N/A"
"src/lib/server-session.ts","apps/frontend/src/lib/server-session.ts","EXCLUDED","A","D3CC801 AUTHORITY: reference session implementation excluded","44a8e8cba9e9b30c389a6059e94dea8402638cc4cc4544022ca62575598da270","","N/A","N/A"
"src/lib/team-chat-server.ts","apps/frontend/src/lib/team-chat-server.ts","EXCLUDED","E","Reference Prisma/server repository excluded; Doflow Nest API remains authoritative","2105f20099639b76b012b803fc3c789e7772cc98ce868e7246598c511c9c7e61","","N/A","N/A"
"src/lib/team-space-session.ts","apps/frontend/src/lib/team-space-session.ts","EXCLUDED","E","Reference Prisma/server repository excluded; Doflow Nest API remains authoritative","a3f82379abb700c12b518814322bc7d9fdd0e915c9164ff15a162f9a830a2ed4","","N/A","N/A"
"src/lib/utils.ts","apps/frontend/src/lib/utils.ts","VERBATIM","","SHA-256 identical","74a147991a119f1c4cdc25a4d9b22713632fa32eb136e55ab6939b006d71b9d6","74a147991a119f1c4cdc25a4d9b22713632fa32eb136e55ab6939b006d71b9d6","N/A","N/A"
