"status","path","category","reason","commit_decision","risk","bytes","kind","rc_relation"
"M",".dockerignore","06-monorepo-configuration","release candidate replacement","include-release","medium","422","text","direct"
"!!",".env","14-acceptance-credentials-config","excluded by release policy","excluded-sensitive","critical","0","policy-path","excluded"
"M",".env.example","06-monorepo-configuration","release candidate replacement","include-release","high","1773","text","direct"
"!!",".visual-auth/","14-acceptance-credentials-config","excluded by release policy","excluded-sensitive","critical","0","policy-path","excluded"
"!!",".visual-runtime/","11-runtime-temporary","excluded by release policy","excluded-runtime","low","0","policy-path","excluded"
"M","AGENTS.md","06-monorepo-configuration","release candidate replacement","include-release","medium","12678","text","direct"
"!!","apps/backend/.env","14-acceptance-credentials-config","excluded by release policy","excluded-sensitive","critical","0","policy-path","excluded"
"M","apps/backend/data-source.ts","02-backend-application","release candidate replacement","include-release","medium","732","text","direct"
"!!","apps/backend/dist/","12-build-output","excluded by release policy","excluded-runtime","low","0","policy-path","excluded"
"M","apps/backend/Dockerfile","02-backend-application","release candidate replacement","include-release","high","1381","text","direct"
"M","apps/backend/package.json","02-backend-application","release candidate replacement","include-release","high","4314","text","direct"
"??","apps/backend/src/app-module-routing.spec.ts","02-backend-application","release candidate replacement","include-release","medium","3301","text","direct"
"M","apps/backend/src/app.module.ts","02-backend-application","release candidate replacement","include-release","high","7251","text","direct"
"M","apps/backend/src/audit.service.ts","02-backend-application","release candidate replacement","include-release","medium","2915","text","direct"
"M","apps/backend/src/auth-password.controller.ts","02-backend-application","release candidate replacement","include-release","high","12734","text","direct"
"M","apps/backend/src/auth.controller.spec.ts","02-backend-application","release candidate replacement","include-release","high","1215","text","direct"
"M","apps/backend/src/auth.controller.ts","02-backend-application","release candidate replacement","include-release","high","12230","text","direct"
"M","apps/backend/src/auth.middleware.ts","02-backend-application","release candidate replacement","include-release","high","4265","text","direct"
"M","apps/backend/src/auth.service.ts","02-backend-application","release candidate replacement","include-release","high","13851","text","direct"
"M","apps/backend/src/auth/auth-flow-security.spec.ts","02-backend-application","release candidate replacement","include-release","high","23291","text","direct"
"M","apps/backend/src/auth/auth-handoff.service.spec.ts","02-backend-application","release candidate replacement","include-release","high","4929","text","direct"
"M","apps/backend/src/auth/auth-handoff.service.ts","02-backend-application","release candidate replacement","include-release","high","8645","text","direct"
"??","apps/backend/src/auth/auth-schema.ts","02-backend-application","release candidate replacement","include-release","high","1388","text","direct"
"M","apps/backend/src/auth/auth.module.ts","02-backend-application","release candidate replacement","include-release","high","2914","text","direct"
"M","apps/backend/src/auth/dto/signup-tenant.dto.ts","02-backend-application","release candidate replacement","include-release","high","1353","text","direct"
"M","apps/backend/src/auth/google.controller.ts","02-backend-application","release candidate replacement","include-release","high","7094","text","direct"
"M","apps/backend/src/auth/jwt-auth.guard.ts","02-backend-application","release candidate replacement","include-release","high","429","text","direct"
"M","apps/backend/src/auth/jwt.strategy.ts","02-backend-application","release candidate replacement","include-release","high","1815","text","direct"
"M","apps/backend/src/auth/signup.controller.ts","02-backend-application","release candidate replacement","include-release","high","2515","text","direct"
"M","apps/backend/src/auth/signup.service.ts","02-backend-application","release candidate replacement","include-release","high","8734","text","direct"
"??","apps/backend/src/auth/web-auth-contract.spec.ts","02-backend-application","release candidate replacement","include-release","high","4641","text","direct"
"??","apps/backend/src/auth/web-session.service.spec.ts","02-backend-application","release candidate replacement","include-release","high","8734","text","direct"
"??","apps/backend/src/auth/web-session.service.ts","02-backend-application","release candidate replacement","include-release","high","8711","text","direct"
"??","apps/backend/src/billing/billing.controller.spec.ts","02-backend-application","release candidate replacement","include-release","medium","2996","text","direct"
"M","apps/backend/src/billing/billing.service.ts","02-backend-application","release candidate replacement","include-release","medium","5785","text","direct"
"??","apps/backend/src/common/schema-provisioning-once.spec.ts","02-backend-application","release candidate replacement","include-release","medium","2887","text","direct"
"??","apps/backend/src/common/schema-provisioning-once.ts","02-backend-application","release candidate replacement","include-release","medium","1141","text","direct"
"??","apps/backend/src/health/health-probe-signature.ts","02-backend-application","release candidate replacement","include-release","medium","1360","text","direct"
"M","apps/backend/src/health/health.service.spec.ts","02-backend-application","release candidate replacement","include-release","medium","3601","text","direct"
"M","apps/backend/src/health/health.service.ts","02-backend-application","release candidate replacement","include-release","medium","6168","text","direct"
"M","apps/backend/src/mail/mail.module.ts","02-backend-application","release candidate replacement","include-release","medium","1433","text","direct"
"M","apps/backend/src/mail/mail.service.ts","02-backend-application","release candidate replacement","include-release","medium","4881","text","direct"
"M","apps/backend/src/main.ts","02-backend-application","release candidate replacement","include-release","high","12491","text","direct"
"??","apps/backend/src/migrations/1750000000000-CreateTenantRegistry.ts","03-migrations","release candidate replacement","include-release","high","1755","text","direct"
"??","apps/backend/src/migrations/1770000000000-CreatePlatformAccessCatalog.ts","03-migrations","release candidate replacement","include-release","high","1878","text","direct"
"??","apps/backend/src/migrations/1780000000000-CreateBackupSchedules.ts","03-migrations","release candidate replacement","include-release","high","1344","text","direct"
"??","apps/backend/src/migrations/1790000000000-CreateCommercialCoreAuthority.ts","03-migrations","release candidate replacement","include-release","high","1370","text","direct"
"??","apps/backend/src/migrations/1800000000000-CreateDeliveryCoreAuthority.ts","03-migrations","release candidate replacement","include-release","high","1217","text","direct"
"??","apps/backend/src/migrations/1810000000000-CreateCommerceCashCoreAuthority.ts","03-migrations","release candidate replacement","include-release","high","1133","text","direct"
"??","apps/backend/src/migrations/1820000000000-CreateDocumentRevenueCoreAuthority.ts","03-migrations","release candidate replacement","include-release","high","1177","text","direct"
"??","apps/backend/src/migrations/1830000000000-CreateCollaborationNotificationsRealtimeAuthority.ts","03-migrations","release candidate replacement","include-release","high","1138","text","direct"
"??","apps/backend/src/migrations/1840000000000-CreateAutomationPerformanceAuthority.ts","03-migrations","release candidate replacement","include-release","high","1261","text","direct"
"M","apps/backend/src/public-lead-intake/public-lead-intake-schema.ts","02-backend-application","release candidate replacement","include-release","medium","2158","text","direct"
"M","apps/backend/src/public-lead-intake/public-lead-intake.service.spec.ts","02-backend-application","release candidate replacement","include-release","medium","24773","text","direct"
"M","apps/backend/src/public-lead-intake/public-lead-intake.service.ts","02-backend-application","release candidate replacement","include-release","medium","20490","text","direct"
"??","apps/backend/src/realtime/notifications.gateway.spec.ts","02-backend-application","release candidate replacement","include-release","medium","2703","text","direct"
"M","apps/backend/src/realtime/notifications.gateway.ts","02-backend-application","release candidate replacement","include-release","medium","4431","text","direct"
"M","apps/backend/src/realtime/notifications.module.ts","02-backend-application","release candidate replacement","include-release","medium","403","text","direct"
"M","apps/backend/src/realtime/notifications.service.ts","02-backend-application","release candidate replacement","include-release","medium","2465","text","direct"
"??","apps/backend/src/redis/redis-script.manager.spec.ts","02-backend-application","release candidate replacement","include-release","medium","1772","text","direct"
"M","apps/backend/src/redis/redis-script.manager.ts","02-backend-application","release candidate replacement","include-release","medium","3058","text","direct"
"??","apps/backend/src/scripts/acceptance-ceo-preservation.ts","04-scripts-orchestrators","release candidate replacement","include-release","medium","12192","text","direct"
"??","apps/backend/src/scripts/apply-automation-performance-acceptance-migration.ts","04-scripts-orchestrators","release candidate replacement","include-release","high","1267","text","direct"
"??","apps/backend/src/scripts/apply-collaboration-core-acceptance-migration.ts","04-scripts-orchestrators","release candidate replacement","include-release","high","1312","text","direct"
"??","apps/backend/src/scripts/apply-commerce-cash-core-acceptance-migration.ts","04-scripts-orchestrators","release candidate replacement","include-release","high","1651","text","direct"
"??","apps/backend/src/scripts/apply-commercial-core-acceptance-migration.ts","04-scripts-orchestrators","release candidate replacement","include-release","high","1646","text","direct"
"??","apps/backend/src/scripts/apply-delivery-core-acceptance-migration.ts","04-scripts-orchestrators","release candidate replacement","include-release","high","1619","text","direct"
"??","apps/backend/src/scripts/apply-document-revenue-core-acceptance-migration.ts","04-scripts-orchestrators","release candidate replacement","include-release","high","1729","text","direct"
"??","apps/backend/src/scripts/doflow-cutover-snapshot.spec.ts","04-scripts-orchestrators","release candidate replacement","include-release","medium","2729","text","direct"
"??","apps/backend/src/scripts/doflow-cutover-snapshot.ts","04-scripts-orchestrators","release candidate replacement","include-release","medium","18605","text","direct"
"??","apps/backend/src/scripts/doflow-production-cutover.spec.ts","04-scripts-orchestrators","release candidate replacement","include-release","medium","3776","text","direct"
"??","apps/backend/src/scripts/doflow-production-cutover.ts","04-scripts-orchestrators","release candidate replacement","include-release","medium","16704","text","direct"
"??","apps/backend/src/scripts/map-doflow-automation-performance-legacy.spec.ts","04-scripts-orchestrators","release candidate replacement","include-release","medium","1052","text","direct"
"??","apps/backend/src/scripts/map-doflow-automation-performance-legacy.ts","04-scripts-orchestrators","release candidate replacement","include-release","medium","5075","text","direct"
"??","apps/backend/src/scripts/map-doflow-collaboration-legacy.spec.ts","04-scripts-orchestrators","release candidate replacement","include-release","medium","685","text","direct"
"??","apps/backend/src/scripts/map-doflow-collaboration-legacy.ts","04-scripts-orchestrators","release candidate replacement","include-release","medium","4377","text","direct"
"??","apps/backend/src/scripts/map-doflow-commerce-legacy.spec.ts","04-scripts-orchestrators","release candidate replacement","include-release","medium","1830","text","direct"
"??","apps/backend/src/scripts/map-doflow-commerce-legacy.ts","04-scripts-orchestrators","release candidate replacement","include-release","medium","6501","text","direct"
"??","apps/backend/src/scripts/map-doflow-delivery-legacy.spec.ts","04-scripts-orchestrators","release candidate replacement","include-release","medium","1493","text","direct"
"??","apps/backend/src/scripts/map-doflow-delivery-legacy.ts","04-scripts-orchestrators","release candidate replacement","include-release","medium","5190","text","direct"
"??","apps/backend/src/scripts/migrate-doflow-reference.spec.ts","04-scripts-orchestrators","release candidate replacement","include-release","medium","1405","text","direct"
"??","apps/backend/src/scripts/migrate-doflow-reference.ts","04-scripts-orchestrators","release candidate replacement","include-release","medium","17335","text","direct"
"??","apps/backend/src/scripts/pre179-migration-rehearsal.spec.ts","04-scripts-orchestrators","release candidate replacement","include-release","high","1843","text","direct"
"??","apps/backend/src/scripts/pre179-migration-rehearsal.ts","04-scripts-orchestrators","release candidate replacement","include-release","high","70231","text","direct"
"??","apps/backend/src/scripts/production-backend-entrypoint.spec.ts","04-scripts-orchestrators","release candidate replacement","include-release","medium","1203","text","direct"
"??","apps/backend/src/scripts/production-backend-entrypoint.ts","04-scripts-orchestrators","release candidate replacement","include-release","medium","1151","text","direct"
"??","apps/backend/src/scripts/production-migration-manifest.spec.ts","04-scripts-orchestrators","release candidate replacement","include-release","high","1348","text","direct"
"??","apps/backend/src/scripts/production-migration-manifest.ts","04-scripts-orchestrators","release candidate replacement","include-release","high","3618","text","direct"
"??","apps/backend/src/scripts/production-migration-runtime.spec.ts","04-scripts-orchestrators","release candidate replacement","include-release","high","8391","text","direct"
"??","apps/backend/src/scripts/production-migration-runtime.ts","04-scripts-orchestrators","release candidate replacement","include-release","high","23236","text","direct"
"??","apps/backend/src/scripts/run-production-migrations.spec.ts","04-scripts-orchestrators","release candidate replacement","include-release","high","585","text","direct"
"??","apps/backend/src/scripts/run-production-migrations.ts","04-scripts-orchestrators","release candidate replacement","include-release","high","923","text","direct"
"??","apps/backend/src/scripts/seed-acceptance-environment.ts","04-scripts-orchestrators","release candidate replacement","include-release","medium","11391","text","direct"
"M","apps/backend/src/scripts/seed-doflow-tenant.ts","04-scripts-orchestrators","release candidate replacement","include-release","medium","23622","text","direct"
"M","apps/backend/src/superadmin/invoice-mail.service.ts","02-backend-application","release candidate replacement","include-release","medium","2212","text","direct"
"??","apps/backend/src/superadmin/platform-operational-schema.spec.ts","02-backend-application","release candidate replacement","include-release","medium","795","text","direct"
"??","apps/backend/src/superadmin/platform-operational-schema.ts","02-backend-application","release candidate replacement","include-release","medium","9127","text","direct"
"M","apps/backend/src/superadmin/public-schema-bootstrap.service.ts","02-backend-application","release candidate replacement","include-release","medium","4341","text","direct"
"M","apps/backend/src/superadmin/tenants.controller.spec.ts","02-backend-application","release candidate replacement","include-release","medium","5898","text","direct"
"M","apps/backend/src/superadmin/tenants.controller.ts","02-backend-application","release candidate replacement","include-release","medium","1588","text","direct"
"??","apps/backend/src/telemetry/global-exception.filter.spec.ts","02-backend-application","release candidate replacement","include-release","medium","2508","text","direct"
"M","apps/backend/src/telemetry/global-exception.filter.ts","02-backend-application","release candidate replacement","include-release","medium","3029","text","direct"
"M","apps/backend/src/tenancy/tenancy.middleware.ts","02-backend-application","release candidate replacement","include-release","medium","9998","text","direct"
"M","apps/backend/src/tenancy/tenant-bootstrap.service.ts","02-backend-application","release candidate replacement","include-release","medium","9585","text","direct"
"??","apps/backend/src/tenant/dto/commercial-core.dto.ts","02-backend-application","release candidate replacement","include-release","medium","5012","text","direct"
"??","apps/backend/src/tenant/dto/tenant-crm.dto.ts","02-backend-application","release candidate replacement","include-release","medium","4843","text","direct"
"M","apps/backend/src/tenant/project-stage-model.spec.ts","02-backend-application","release candidate replacement","include-release","medium","2189","text","direct"
"M","apps/backend/src/tenant/project-stage-model.ts","02-backend-application","release candidate replacement","include-release","medium","5177","text","direct"
"??","apps/backend/src/tenant/tenant-automation-engine.service.ts","02-backend-application","release candidate replacement","include-release","medium","25535","text","direct"
"??","apps/backend/src/tenant/tenant-automation-performance-schema.ts","02-backend-application","release candidate replacement","include-release","medium","12759","text","direct"
"??","apps/backend/src/tenant/tenant-automation-performance.constants.ts","02-backend-application","release candidate replacement","include-release","medium","426","text","direct"
"??","apps/backend/src/tenant/tenant-automation-performance.dispatcher.ts","02-backend-application","release candidate replacement","include-release","medium","4193","text","direct"
"??","apps/backend/src/tenant/tenant-automation-performance.processor.ts","02-backend-application","release candidate replacement","include-release","medium","1511","text","direct"
"??","apps/backend/src/tenant/tenant-automation-performance.spec.ts","02-backend-application","release candidate replacement","include-release","medium","2513","text","direct"
"M","apps/backend/src/tenant/tenant-automations-schema.ts","02-backend-application","release candidate replacement","include-release","medium","14567","text","direct"
"M","apps/backend/src/tenant/tenant-automations.controller.ts","02-backend-application","release candidate replacement","include-release","medium","4714","text","direct"
"M","apps/backend/src/tenant/tenant-automations.service.spec.ts","02-backend-application","release candidate replacement","include-release","medium","7909","text","direct"
"M","apps/backend/src/tenant/tenant-automations.service.ts","02-backend-application","release candidate replacement","include-release","medium","81527","text","direct"
"M","apps/backend/src/tenant/tenant-automations.types.ts","02-backend-application","release candidate replacement","include-release","medium","9840","text","direct"
"M","apps/backend/src/tenant/tenant-briefing-quotes-schema.ts","02-backend-application","release candidate replacement","include-release","medium","11241","text","direct"
"??","apps/backend/src/tenant/tenant-commercial-access.service.spec.ts","02-backend-application","release candidate replacement","include-release","medium","2336","text","direct"
"??","apps/backend/src/tenant/tenant-commercial-access.service.ts","02-backend-application","release candidate replacement","include-release","medium","3150","text","direct"
"??","apps/backend/src/tenant/tenant-commercial-core.controller.ts","02-backend-application","release candidate replacement","include-release","medium","4257","text","direct"
"??","apps/backend/src/tenant/tenant-commercial-core.service.spec.ts","02-backend-application","release candidate replacement","include-release","medium","19947","text","direct"
"??","apps/backend/src/tenant/tenant-commercial-core.service.ts","02-backend-application","release candidate replacement","include-release","medium","77921","text","direct"
"M","apps/backend/src/tenant/tenant-contracts-schema.ts","02-backend-application","release candidate replacement","include-release","medium","20682","text","direct"
"M","apps/backend/src/tenant/tenant-contracts.service.ts","02-backend-application","release candidate replacement","include-release","medium","75966","text","direct"
"M","apps/backend/src/tenant/tenant-crm-schema.ts","02-backend-application","release candidate replacement","include-release","medium","14370","text","direct"
"M","apps/backend/src/tenant/tenant-crm.controller.ts","02-backend-application","release candidate replacement","include-release","medium","4131","text","direct"
"M","apps/backend/src/tenant/tenant-crm.service.spec.ts","02-backend-application","release candidate replacement","include-release","medium","18173","text","direct"
"M","apps/backend/src/tenant/tenant-crm.service.ts","02-backend-application","release candidate replacement","include-release","medium","34113","text","direct"
"??","apps/backend/src/tenant/tenant-delivery-core.controller.ts","02-backend-application","release candidate replacement","include-release","medium","12590","text","direct"
"??","apps/backend/src/tenant/tenant-delivery-core.dto.ts","02-backend-application","release candidate replacement","include-release","medium","10009","text","direct"
"??","apps/backend/src/tenant/tenant-delivery-core.service.ts","02-backend-application","release candidate replacement","include-release","medium","117595","text","direct"
"??","apps/backend/src/tenant/tenant-delivery-invariants.spec.ts","02-backend-application","release candidate replacement","include-release","medium","777","text","direct"
"??","apps/backend/src/tenant/tenant-delivery-invariants.ts","02-backend-application","release candidate replacement","include-release","medium","869","text","direct"
"??","apps/backend/src/tenant/tenant-delivery-schema.ts","02-backend-application","release candidate replacement","include-release","medium","13675","text","direct"
"M","apps/backend/src/tenant/tenant-documents-schema.ts","02-backend-application","release candidate replacement","include-release","medium","7929","text","direct"
"??","apps/backend/src/tenant/tenant-doflow-collaboration-outbox.processor.ts","02-backend-application","release candidate replacement","include-release","medium","2440","text","direct"
"??","apps/backend/src/tenant/tenant-doflow-collaboration-schema.ts","02-backend-application","release candidate replacement","include-release","medium","6703","text","direct"
"??","apps/backend/src/tenant/tenant-doflow-collaboration.controller.ts","02-backend-application","release candidate replacement","include-release","medium","3674","text","direct"
"??","apps/backend/src/tenant/tenant-doflow-collaboration.dto.ts","02-backend-application","release candidate replacement","include-release","medium","1706","text","direct"
"??","apps/backend/src/tenant/tenant-doflow-collaboration.service.spec.ts","02-backend-application","release candidate replacement","include-release","medium","1886","text","direct"
"??","apps/backend/src/tenant/tenant-doflow-collaboration.service.ts","02-backend-application","release candidate replacement","include-release","medium","48227","text","direct"
"??","apps/backend/src/tenant/tenant-doflow-commerce-schema.ts","02-backend-application","release candidate replacement","include-release","medium","17941","text","direct"
"??","apps/backend/src/tenant/tenant-doflow-commerce.controller.ts","02-backend-application","release candidate replacement","include-release","medium","7044","text","direct"
"??","apps/backend/src/tenant/tenant-doflow-commerce.dto.ts","02-backend-application","release candidate replacement","include-release","medium","10569","text","direct"
"??","apps/backend/src/tenant/tenant-doflow-commerce.service.spec.ts","02-backend-application","release candidate replacement","include-release","medium","4619","text","direct"
"??","apps/backend/src/tenant/tenant-doflow-commerce.service.ts","02-backend-application","release candidate replacement","include-release","medium","100801","text","direct"
"??","apps/backend/src/tenant/tenant-doflow-document-revenue-schema.ts","02-backend-application","release candidate replacement","include-release","medium","9556","text","direct"
"??","apps/backend/src/tenant/tenant-doflow-document-revenue.controller.ts","02-backend-application","release candidate replacement","include-release","medium","5985","text","direct"
"??","apps/backend/src/tenant/tenant-doflow-document-revenue.dto.ts","02-backend-application","release candidate replacement","include-release","medium","5151","text","direct"
"??","apps/backend/src/tenant/tenant-doflow-document-revenue.service.ts","02-backend-application","release candidate replacement","include-release","medium","105657","text","direct"
"??","apps/backend/src/tenant/tenant-doflow-performance-runtime.service.ts","02-backend-application","release candidate replacement","include-release","medium","11286","text","direct"
"??","apps/backend/src/tenant/tenant-doflow-performance.controller.ts","02-backend-application","release candidate replacement","include-release","medium","2004","text","direct"
"??","apps/backend/src/tenant/tenant-doflow-performance.service.ts","02-backend-application","release candidate replacement","include-release","medium","30437","text","direct"
"??","apps/backend/src/tenant/tenant-doflow-workspace-schema.spec.ts","02-backend-application","release candidate replacement","include-release","medium","1486","text","direct"
"??","apps/backend/src/tenant/tenant-doflow-workspace.controller.ts","02-backend-application","release candidate replacement","include-release","medium","1533","text","direct"
"??","apps/backend/src/tenant/tenant-doflow-workspace.service.ts","02-backend-application","release candidate replacement","include-release","medium","26253","text","direct"
"M","apps/backend/src/tenant/tenant-finance-schema.ts","02-backend-application","release candidate replacement","include-release","medium","20688","text","direct"
"M","apps/backend/src/tenant/tenant-finance.service.spec.ts","02-backend-application","release candidate replacement","include-release","medium","8219","text","direct"
"M","apps/backend/src/tenant/tenant-finance.service.ts","02-backend-application","release candidate replacement","include-release","medium","69163","text","direct"
"M","apps/backend/src/tenant/tenant-notifications-schema.ts","02-backend-application","release candidate replacement","include-release","medium","13268","text","direct"
"M","apps/backend/src/tenant/tenant-notifications.service.ts","02-backend-application","release candidate replacement","include-release","medium","45325","text","direct"
"M","apps/backend/src/tenant/tenant-projects-schema.ts","02-backend-application","release candidate replacement","include-release","medium","14358","text","direct"
"M","apps/backend/src/tenant/tenant-projects.service.spec.ts","02-backend-application","release candidate replacement","include-release","medium","6024","text","direct"
"M","apps/backend/src/tenant/tenant-projects.service.ts","02-backend-application","release candidate replacement","include-release","medium","48834","text","direct"
"M","apps/backend/src/tenant/tenant-quotes.controller.ts","02-backend-application","release candidate replacement","include-release","medium","3014","text","direct"
"M","apps/backend/src/tenant/tenant-quotes.service.spec.ts","02-backend-application","release candidate replacement","include-release","medium","4282","text","direct"
"M","apps/backend/src/tenant/tenant-quotes.service.ts","02-backend-application","release candidate replacement","include-release","medium","35414","text","direct"
"M","apps/backend/src/tenant/tenant-site-proposals-doflow.guard.spec.ts","02-backend-application","release candidate replacement","include-release","medium","1484","text","direct"
"M","apps/backend/src/tenant/tenant-site-proposals-doflow.guard.ts","02-backend-application","release candidate replacement","include-release","medium","1177","text","direct"
"M","apps/backend/src/tenant/tenant-site-proposals-schema.ts","02-backend-application","release candidate replacement","include-release","medium","31545","text","direct"
"M","apps/backend/src/tenant/tenant-site-proposals.service.ts","02-backend-application","release candidate replacement","include-release","medium","58620","text","direct"
"M","apps/backend/src/tenant/tenant-team-schema.ts","02-backend-application","release candidate replacement","include-release","medium","14994","text","direct"
"M","apps/backend/src/tenant/tenant-team.service.ts","02-backend-application","release candidate replacement","include-release","medium","62530","text","direct"
"M","apps/backend/src/tenant/tenant-timeline.service.spec.ts","02-backend-application","release candidate replacement","include-release","medium","16996","text","direct"
"M","apps/backend/src/tenant/tenant-timeline.service.ts","02-backend-application","release candidate replacement","include-release","medium","50993","text","direct"
"M","apps/backend/src/tenant/tenant.module.ts","02-backend-application","release candidate replacement","include-release","medium","11402","text","direct"
"M","apps/backend/src/traffic-control/traffic-control.service.ts","02-backend-application","release candidate replacement","include-release","medium","3790","text","direct"
"!!","apps/frontend/.env","14-acceptance-credentials-config","excluded by release policy","excluded-sensitive","critical","0","policy-path","excluded"
"!!","apps/frontend/.next/","12-build-output","excluded by release policy","excluded-runtime","low","0","policy-path","excluded"
"M","apps/frontend/components.json","01-frontend-application","release candidate replacement","include-release","medium","505","text","direct"
"M","apps/frontend/eslint.config.mjs","01-frontend-application","release candidate replacement","include-release","medium","1136","text","direct"
"D","apps/frontend/middleware.ts","10-old-retired-files","release candidate replacement","include-release","medium","0","deleted","direct"
"M","apps/frontend/next-env.d.ts","01-frontend-application","release candidate replacement","include-release","medium","288","text","direct"
"M","apps/frontend/package.json","01-frontend-application","release candidate replacement","include-release","high","2926","text","direct"
"M","apps/frontend/postcss.config.mjs","01-frontend-application","release candidate replacement","include-release","medium","108","text","direct"
"M","apps/frontend/src/app/(tenant)/activity/page.tsx","01-frontend-application","release candidate replacement","include-release","medium","17259","text","direct"
"M","apps/frontend/src/app/(tenant)/analytics/page.tsx","01-frontend-application","release candidate replacement","include-release","medium","18943","text","direct"
"M","apps/frontend/src/app/(tenant)/automations/rules/[id]/page.tsx","01-frontend-application","release candidate replacement","include-release","medium","284","text","direct"
"M","apps/frontend/src/app/(tenant)/automations/rules/page.tsx","01-frontend-application","release candidate replacement","include-release","medium","179","text","direct"
"M","apps/frontend/src/app/(tenant)/automations/runs/[id]/page.tsx","01-frontend-application","release candidate replacement","include-release","medium","279","text","direct"
"M","apps/frontend/src/app/(tenant)/automations/runs/page.tsx","01-frontend-application","release candidate replacement","include-release","medium","170","text","direct"
"M","apps/frontend/src/app/(tenant)/billing/page.tsx","01-frontend-application","release candidate replacement","include-release","medium","14601","text","direct"
"M","apps/frontend/src/app/(tenant)/campaigns/page.tsx","01-frontend-application","release candidate replacement","include-release","medium","21930","text","direct"
"M","apps/frontend/src/app/(tenant)/customers/[id]/page.tsx","01-frontend-application","release candidate replacement","include-release","medium","23208","text","direct"
"M","apps/frontend/src/app/(tenant)/customers/page.tsx","01-frontend-application","release candidate replacement","include-release","medium","28646","text","direct"
"??","apps/frontend/src/app/(tenant)/dashboard/archivio/page.tsx","01-frontend-application","release candidate replacement","include-release","medium","173","text","direct"
"??","apps/frontend/src/app/(tenant)/dashboard/attivita/page.tsx","01-frontend-application","release candidate replacement","include-release","medium","326","text","direct"
"??","apps/frontend/src/app/(tenant)/dashboard/automazioni/page.tsx","01-frontend-application","release candidate replacement","include-release","medium","164","text","direct"
"??","apps/frontend/src/app/(tenant)/dashboard/campagne/page.tsx","01-frontend-application","release candidate replacement","include-release","medium","159","text","direct"
"??","apps/frontend/src/app/(tenant)/dashboard/catalogo/page.tsx","01-frontend-application","release candidate replacement","include-release","medium","167","text","direct"
"??","apps/frontend/src/app/(tenant)/dashboard/clienti/[clientId]/page.tsx","01-frontend-application","release candidate replacement","include-release","medium","299","text","direct"
"??","apps/frontend/src/app/(tenant)/dashboard/clienti/page.tsx","01-frontend-application","release candidate replacement","include-release","medium","148","text","direct"
"??","apps/frontend/src/app/(tenant)/dashboard/commercial/leads/[leadId]/page.tsx","01-frontend-application","release candidate replacement","include-release","medium","269","text","direct"
"??","apps/frontend/src/app/(tenant)/dashboard/commercial/leads/page.tsx","01-frontend-application","release candidate replacement","include-release","medium","233","text","direct"
"??","apps/frontend/src/app/(tenant)/dashboard/commercial/page.tsx","01-frontend-application","release candidate replacement","include-release","medium","164","text","direct"
"??","apps/frontend/src/app/(tenant)/dashboard/commercial/pipeline/page.tsx","01-frontend-application","release candidate replacement","include-release","medium","238","text","direct"
"??","apps/frontend/src/app/(tenant)/dashboard/contratti/page.tsx","01-frontend-application","release candidate replacement","include-release","medium","191","text","direct"
"M","apps/frontend/src/app/(tenant)/dashboard/dashboard-client.tsx","01-frontend-application","release candidate replacement","include-release","medium","11053","text","direct"
"??","apps/frontend/src/app/(tenant)/dashboard/documenti/page.tsx","01-frontend-application","release candidate replacement","include-release","medium","174","text","direct"
"??","apps/frontend/src/app/(tenant)/dashboard/duplicati/page.tsx","01-frontend-application","release candidate replacement","include-release","medium","152","text","direct"
"??","apps/frontend/src/app/(tenant)/dashboard/fatture/page.tsx","01-frontend-application","release candidate replacement","include-release","medium","184","text","direct"
"??","apps/frontend/src/app/(tenant)/dashboard/impostazioni/page.tsx","01-frontend-application","release candidate replacement","include-release","medium","171","text","direct"
"??","apps/frontend/src/app/(tenant)/dashboard/notifiche/page.tsx","01-frontend-application","release candidate replacement","include-release","medium","13791","text","direct"
"??","apps/frontend/src/app/(tenant)/dashboard/ordini/[id]/page.tsx","01-frontend-application","release candidate replacement","include-release","medium","271","text","direct"
"??","apps/frontend/src/app/(tenant)/dashboard/ordini/page.tsx","01-frontend-application","release candidate replacement","include-release","medium","165","text","direct"
"??","apps/frontend/src/app/(tenant)/dashboard/pagamenti/page.tsx","01-frontend-application","release candidate replacement","include-release","medium","168","text","direct"
"M","apps/frontend/src/app/(tenant)/dashboard/page.tsx","01-frontend-application","release candidate replacement","include-release","medium","353","text","direct"
"??","apps/frontend/src/app/(tenant)/dashboard/preventivi/page.tsx","01-frontend-application","release candidate replacement","include-release","medium","180","text","direct"
"??","apps/frontend/src/app/(tenant)/dashboard/progetti/[projectId]/page.tsx","01-frontend-application","release candidate replacement","include-release","medium","306","text","direct"
"??","apps/frontend/src/app/(tenant)/dashboard/progetti/page.tsx","01-frontend-application","release candidate replacement","include-release","medium","179","text","direct"
"??","apps/frontend/src/app/(tenant)/dashboard/rinnovi/page.tsx","01-frontend-application","release candidate replacement","include-release","medium","188","text","direct"
"??","apps/frontend/src/app/(tenant)/dashboard/scadenze/page.tsx","01-frontend-application","release candidate replacement","include-release","medium","174","text","direct"
"??","apps/frontend/src/app/(tenant)/dashboard/vendite/page.tsx","01-frontend-application","release candidate replacement","include-release","medium","166","text","direct"
"M","apps/frontend/src/app/(tenant)/email-templates/page.tsx","01-frontend-application","release candidate replacement","include-release","medium","16637","text","direct"
"M","apps/frontend/src/app/(tenant)/forms/page.tsx","01-frontend-application","release candidate replacement","include-release","medium","21284","text","direct"
"M","apps/frontend/src/app/(tenant)/inbox/page.tsx","01-frontend-application","release candidate replacement","include-release","medium","25245","text","direct"
"M","apps/frontend/src/app/(tenant)/inventory/page.tsx","01-frontend-application","release candidate replacement","include-release","medium","20229","text","direct"
"M","apps/frontend/src/app/(tenant)/invoices/page.tsx","01-frontend-application","release candidate replacement","include-release","medium","26335","text","direct"
"M","apps/frontend/src/app/(tenant)/layout.tsx","01-frontend-application","release candidate replacement","include-release","medium","13873","text","direct"
"M","apps/frontend/src/app/(tenant)/leads/page.tsx","01-frontend-application","release candidate replacement","include-release","medium","5538","text","direct"
"M","apps/frontend/src/app/(tenant)/logistics/page.tsx","01-frontend-application","release candidate replacement","include-release","medium","20145","text","direct"
"M","apps/frontend/src/app/(tenant)/my-plan/page.tsx","01-frontend-application","release candidate replacement","include-release","medium","8158","text","direct"
"M","apps/frontend/src/app/(tenant)/products/page.tsx","01-frontend-application","release candidate replacement","include-release","medium","15050","text","direct"
"M","apps/frontend/src/app/(tenant)/settings/automations/page.tsx","01-frontend-application","release candidate replacement","include-release","medium","5468","text","direct"
"M","apps/frontend/src/app/(tenant)/support/page.tsx","01-frontend-application","release candidate replacement","include-release","medium","12410","text","direct"
"M","apps/frontend/src/app/(tenant)/tasks/page.tsx","01-frontend-application","release candidate replacement","include-release","medium","21539","text","direct"
"M","apps/frontend/src/app/[tenant]/mfa/page.tsx","01-frontend-application","release candidate replacement","include-release","medium","10814","text","direct"
"M","apps/frontend/src/app/auth/accept-invite/page.tsx","01-frontend-application","release candidate replacement","include-release","high","10627","text","direct"
"M","apps/frontend/src/app/bloom-test/page.tsx","01-frontend-application","release candidate replacement","include-release","medium","1543","text","direct"
"M","apps/frontend/src/app/files-test/page.tsx","01-frontend-application","release candidate replacement","include-release","medium","5481","text","direct"
"M","apps/frontend/src/app/forgot-password/page.tsx","01-frontend-application","release candidate replacement","include-release","medium","4442","text","direct"
"M","apps/frontend/src/app/globals.css","01-frontend-application","release candidate replacement","include-release","medium","75096","text","direct"
"M","apps/frontend/src/app/notifications-test/page.tsx","01-frontend-application","release candidate replacement","include-release","medium","3283","text","direct"
"M","apps/frontend/src/app/onboarding/page.tsx","01-frontend-application","release candidate replacement","include-release","medium","21832","text","direct"
"M","apps/frontend/src/app/privacy/page.tsx","01-frontend-application","release candidate replacement","include-release","medium","6447","text","direct"
"M","apps/frontend/src/app/projects/[id]/board/page.tsx","01-frontend-application","release candidate replacement","include-release","medium","12208","text","direct"
"M","apps/frontend/src/app/projects/[id]/ProjectTasksClient.tsx","01-frontend-application","release candidate replacement","include-release","medium","7960","text","direct"
"M","apps/frontend/src/app/reset-password/page.tsx","01-frontend-application","release candidate replacement","include-release","medium","10026","text","direct"
"M","apps/frontend/src/app/superadmin/account/page.tsx","01-frontend-application","release candidate replacement","include-release","medium","7549","text","direct"
"M","apps/frontend/src/app/superadmin/automations/page.tsx","01-frontend-application","release candidate replacement","include-release","medium","17909","text","direct"
"M","apps/frontend/src/app/superadmin/changelog/page.tsx","01-frontend-application","release candidate replacement","include-release","medium","12909","text","direct"
"M","apps/frontend/src/app/superadmin/components/super-admin-sidebar.tsx","01-frontend-application","release candidate replacement","include-release","medium","15175","text","direct"
"M","apps/frontend/src/app/superadmin/config/sidebar-config.ts","01-frontend-application","release candidate replacement","include-release","medium","7576","text","direct"
"M","apps/frontend/src/app/superadmin/delivery/calendar/components/EventCreateDialog.tsx","01-frontend-application","release candidate replacement","include-release","medium","3560","text","direct"
"M","apps/frontend/src/app/superadmin/delivery/calendar/page.tsx","01-frontend-application","release candidate replacement","include-release","medium","10837","text","direct"
"M","apps/frontend/src/app/superadmin/delivery/status/components/TaskCreateSheet.tsx","01-frontend-application","release candidate replacement","include-release","medium","5886","text","direct"
"M","apps/frontend/src/app/superadmin/delivery/status/page.tsx","01-frontend-application","release candidate replacement","include-release","medium","12927","text","direct"
"M","apps/frontend/src/app/superadmin/email-templates/page.tsx","01-frontend-application","release candidate replacement","include-release","medium","17686","text","direct"
"M","apps/frontend/src/app/superadmin/finance/dashboard/components/InvoiceCreateSheet.tsx","01-frontend-application","release candidate replacement","include-release","medium","17953","text","direct"
"M","apps/frontend/src/app/superadmin/finance/dashboard/page.tsx","01-frontend-application","release candidate replacement","include-release","medium","19980","text","direct"
"M","apps/frontend/src/app/superadmin/finance/invoices/components/InvoiceRow.tsx","01-frontend-application","release candidate replacement","include-release","medium","7444","text","direct"
"M","apps/frontend/src/app/superadmin/finance/invoices/new/page.tsx","01-frontend-application","release candidate replacement","include-release","medium","28561","text","direct"
"M","apps/frontend/src/app/superadmin/finance/invoices/page.tsx","01-frontend-application","release candidate replacement","include-release","medium","12088","text","direct"
"M","apps/frontend/src/app/superadmin/finance/preventivi/new/page.tsx","01-frontend-application","release candidate replacement","include-release","medium","23654","text","direct"
"M","apps/frontend/src/app/superadmin/layout.tsx","01-frontend-application","release candidate replacement","include-release","medium","14171","text","direct"
"M","apps/frontend/src/app/superadmin/leads/page.tsx","01-frontend-application","release candidate replacement","include-release","medium","21219","text","direct"
"M","apps/frontend/src/app/superadmin/modules/page.tsx","01-frontend-application","release candidate replacement","include-release","medium","20182","text","direct"
"M","apps/frontend/src/app/superadmin/notifications/page.tsx","01-frontend-application","release candidate replacement","include-release","medium","19229","text","direct"
"M","apps/frontend/src/app/superadmin/page.tsx","01-frontend-application","release candidate replacement","include-release","medium","24243","text","direct"
"M","apps/frontend/src/app/superadmin/sales-intelligence/page.tsx","01-frontend-application","release candidate replacement","include-release","medium","41308","text","direct"
"M","apps/frontend/src/app/superadmin/sales/dashboard/components/DrillDownSheet.tsx","01-frontend-application","release candidate replacement","include-release","medium","7660","text","direct"
"M","apps/frontend/src/app/superadmin/sales/dashboard/sales-dashboard-client.tsx","01-frontend-application","release candidate replacement","include-release","medium","16434","text","direct"
"M","apps/frontend/src/app/superadmin/sales/pipeline/page.tsx","01-frontend-application","release candidate replacement","include-release","medium","18331","text","direct"
"M","apps/frontend/src/app/superadmin/sales/quote-requests/page.tsx","01-frontend-application","release candidate replacement","include-release","medium","40936","text","direct"
"M","apps/frontend/src/app/superadmin/settings/page.tsx","01-frontend-application","release candidate replacement","include-release","medium","8654","text","direct"
"M","apps/frontend/src/app/superadmin/storage/page.tsx","01-frontend-application","release candidate replacement","include-release","medium","37180","text","direct"
"M","apps/frontend/src/app/superadmin/subscriptions/page.tsx","01-frontend-application","release candidate replacement","include-release","medium","13319","text","direct"
"M","apps/frontend/src/app/superadmin/system/components/tab-api-usage.tsx","01-frontend-application","release candidate replacement","include-release","medium","7881","text","direct"
"M","apps/frontend/src/app/superadmin/system/components/tab-audit.tsx","01-frontend-application","release candidate replacement","include-release","medium","9400","text","direct"
"M","apps/frontend/src/app/superadmin/system/components/tab-overview.tsx","01-frontend-application","release candidate replacement","include-release","medium","9301","text","direct"
"M","apps/frontend/src/app/superadmin/system/system-monitor-client.tsx","01-frontend-application","release candidate replacement","include-release","medium","14524","text","direct"
"M","apps/frontend/src/app/superadmin/tenants/page.tsx","01-frontend-application","release candidate replacement","include-release","medium","35278","text","direct"
"M","apps/frontend/src/app/superadmin/tickets/page.tsx","01-frontend-application","release candidate replacement","include-release","medium","25150","text","direct"
"M","apps/frontend/src/app/superadmin/users/page.tsx","01-frontend-application","release candidate replacement","include-release","medium","44199","text","direct"
"M","apps/frontend/src/app/tenant-users/page.tsx","01-frontend-application","release candidate replacement","include-release","medium","2464","text","direct"
"M","apps/frontend/src/app/terms/page.tsx","01-frontend-application","release candidate replacement","include-release","medium","6655","text","direct"
"M","apps/frontend/src/components/app-sidebar.tsx","01-frontend-application","release candidate replacement","include-release","medium","5070","text","direct"
"M","apps/frontend/src/components/auth/auth-shell.tsx","01-frontend-application","release candidate replacement","include-release","high","3032","text","direct"
"M","apps/frontend/src/components/auth/login-experience.tsx","01-frontend-application","release candidate replacement","include-release","high","3362","text","direct"
"M","apps/frontend/src/components/auth/login-panel.tsx","01-frontend-application","release candidate replacement","include-release","high","16230","text","direct"
"M","apps/frontend/src/components/auth/register-panel.tsx","01-frontend-application","release candidate replacement","include-release","high","18398","text","direct"
"??","apps/frontend/src/components/chart-radial-grid.tsx","01-frontend-application","release candidate replacement","include-release","medium","1635","text","direct"
"??","apps/frontend/src/components/dashboard-header.tsx","01-frontend-application","release candidate replacement","include-release","medium","3346","text","direct"
"M","apps/frontend/src/components/dashboard/activity-feed.tsx","01-frontend-application","release candidate replacement","include-release","medium","4880","text","direct"
"M","apps/frontend/src/components/dashboard/dashboard-grid.tsx","01-frontend-application","release candidate replacement","include-release","medium","6694","text","direct"
"M","apps/frontend/src/components/dashboard/dashboard-widgets.tsx","01-frontend-application","release candidate replacement","include-release","medium","21050","text","direct"
"M","apps/frontend/src/components/dashboard/layout.tsx","01-frontend-application","release candidate replacement","include-release","medium","7859","text","direct"
"M","apps/frontend/src/components/doflow-record-panel/commercial-record-panel.tsx","01-frontend-application","release candidate replacement","include-release","medium","13556","text","direct"
"M","apps/frontend/src/components/doflow-record-panel/project-record-panel.tsx","01-frontend-application","release candidate replacement","include-release","medium","9413","text","direct"
"M","apps/frontend/src/components/doflow-record-panel/record-timeline.tsx","01-frontend-application","release candidate replacement","include-release","medium","21882","text","direct"
"??","apps/frontend/src/components/entity-image-dialog.tsx","01-frontend-application","release candidate replacement","include-release","medium","5132","text","direct"
"??","apps/frontend/src/components/global-search.tsx","01-frontend-application","release candidate replacement","include-release","medium","10670","text","direct"
"M","apps/frontend/src/components/layout/tenant-sidebar-section.tsx","01-frontend-application","release candidate replacement","include-release","medium","12299","text","direct"
"M","apps/frontend/src/components/layout/tenant-sidebar.tsx","01-frontend-application","release candidate replacement","include-release","medium","14789","text","direct"
"M","apps/frontend/src/components/layout/theme-settings-drawer.tsx","01-frontend-application","release candidate replacement","include-release","medium","14079","text","direct"
"M","apps/frontend/src/components/layout/user-nav.tsx","01-frontend-application","release candidate replacement","include-release","medium","4152","text","direct"
"??","apps/frontend/src/components/nav-main.tsx","01-frontend-application","release candidate replacement","include-release","high","2837","text","direct"
"??","apps/frontend/src/components/nav-projects.tsx","01-frontend-application","release candidate replacement","include-release","medium","2501","text","direct"
"??","apps/frontend/src/components/nav-user.tsx","01-frontend-application","release candidate replacement","include-release","medium","3014","text","direct"
"??","apps/frontend/src/components/notifications-menu.tsx","01-frontend-application","release candidate replacement","include-release","medium","4788","text","direct"
"??","apps/frontend/src/components/team-switcher.tsx","01-frontend-application","release candidate replacement","include-release","medium","3541","text","direct"
"M","apps/frontend/src/components/tenant-administration/administration-model.ts","01-frontend-application","release candidate replacement","include-release","medium","6587","text","direct"
"M","apps/frontend/src/components/tenant-administration/administration-overview.tsx","01-frontend-application","release candidate replacement","include-release","medium","6606","text","direct"
"M","apps/frontend/src/components/tenant-administration/contract-detail-panel.tsx","01-frontend-application","release candidate replacement","include-release","medium","5014","text","direct"
"M","apps/frontend/src/components/tenant-administration/contracts-kpis.tsx","01-frontend-application","release candidate replacement","include-release","medium","1629","text","direct"
"M","apps/frontend/src/components/tenant-administration/contracts-workspace.tsx","01-frontend-application","release candidate replacement","include-release","medium","8862","text","direct"
"M","apps/frontend/src/components/tenant-administration/invoices-workspace.tsx","01-frontend-application","release candidate replacement","include-release","medium","11045","text","direct"
"M","apps/frontend/src/components/tenant-administration/renewals-follow-up-panel.tsx","01-frontend-application","release candidate replacement","include-release","medium","4052","text","direct"
"M","apps/frontend/src/components/tenant-administration/renewals-kpis.tsx","01-frontend-application","release candidate replacement","include-release","medium","1967","text","direct"
"M","apps/frontend/src/components/tenant-administration/renewals-workspace.tsx","01-frontend-application","release candidate replacement","include-release","medium","12269","text","direct"
"M","apps/frontend/src/components/tenant-automation-center/automation-monitoring-workspace.tsx","01-frontend-application","release candidate replacement","include-release","medium","10455","text","direct"
"M","apps/frontend/src/components/tenant-automation-center/automation-overview.tsx","01-frontend-application","release candidate replacement","include-release","medium","4012","text","direct"
"M","apps/frontend/src/components/tenant-automation-center/automation-reports-workspace.tsx","01-frontend-application","release candidate replacement","include-release","medium","6094","text","direct"
"M","apps/frontend/src/components/tenant-automation-center/automation-rules-workspace.tsx","01-frontend-application","release candidate replacement","include-release","medium","9742","text","direct"
"M","apps/frontend/src/components/tenant-automations/automations-core.tsx","01-frontend-application","release candidate replacement","include-release","medium","44293","text","direct"
"M","apps/frontend/src/components/tenant-calendar/calendar-core.tsx","01-frontend-application","release candidate replacement","include-release","medium","52743","text","direct"
"M","apps/frontend/src/components/tenant-commercial/commercial-clients.tsx","01-frontend-application","release candidate replacement","include-release","medium","19921","text","direct"
"M","apps/frontend/src/components/tenant-commercial/commercial-overview.tsx","01-frontend-application","release candidate replacement","include-release","medium","6481","text","direct"
"M","apps/frontend/src/components/tenant-commercial/commercial-pipeline.tsx","01-frontend-application","release candidate replacement","include-release","medium","12518","text","direct"
"M","apps/frontend/src/components/tenant-commercial/commercial-today-actions.tsx","01-frontend-application","release candidate replacement","include-release","medium","2287","text","direct"
"M","apps/frontend/src/components/tenant-commercial/commercial-utils.ts","01-frontend-application","release candidate replacement","include-release","medium","3232","text","direct"
"M","apps/frontend/src/components/tenant-commercial/pipeline-deal-card.tsx","01-frontend-application","release candidate replacement","include-release","medium","5816","text","direct"
"M","apps/frontend/src/components/tenant-commercial/quotes-follow-up-panel.tsx","01-frontend-application","release candidate replacement","include-release","medium","2753","text","direct"
"M","apps/frontend/src/components/tenant-commercial/quotes-table.tsx","01-frontend-application","release candidate replacement","include-release","medium","9933","text","direct"
"M","apps/frontend/src/components/tenant-contracts/contracts-core.tsx","01-frontend-application","release candidate replacement","include-release","medium","36169","text","direct"
"M","apps/frontend/src/components/tenant-credentials/credential-audit.tsx","01-frontend-application","release candidate replacement","include-release","medium","1889","text","direct"
"M","apps/frontend/src/components/tenant-credentials/credential-detail.tsx","01-frontend-application","release candidate replacement","include-release","medium","9635","text","direct"
"M","apps/frontend/src/components/tenant-credentials/credential-form.tsx","01-frontend-application","release candidate replacement","include-release","medium","9131","text","direct"
"M","apps/frontend/src/components/tenant-credentials/credential-links.tsx","01-frontend-application","release candidate replacement","include-release","medium","4450","text","direct"
"M","apps/frontend/src/components/tenant-credentials/credential-permissions.tsx","01-frontend-application","release candidate replacement","include-release","medium","7206","text","direct"
"M","apps/frontend/src/components/tenant-credentials/credential-replace-secret-dialog.tsx","01-frontend-application","release candidate replacement","include-release","medium","3271","text","direct"
"M","apps/frontend/src/components/tenant-credentials/credential-reveal-dialog.tsx","01-frontend-application","release candidate replacement","include-release","medium","5852","text","direct"
"M","apps/frontend/src/components/tenant-credentials/credential-rotate-dialog.tsx","01-frontend-application","release candidate replacement","include-release","medium","3839","text","direct"
"M","apps/frontend/src/components/tenant-credentials/credential-rotations.tsx","01-frontend-application","release candidate replacement","include-release","medium","1977","text","direct"
"M","apps/frontend/src/components/tenant-credentials/credential-secret-form.tsx","01-frontend-application","release candidate replacement","include-release","medium","6023","text","direct"
"M","apps/frontend/src/components/tenant-credentials/credentials-overview.tsx","01-frontend-application","release candidate replacement","include-release","medium","5412","text","direct"
"M","apps/frontend/src/components/tenant-crm/briefing-quotes.tsx","01-frontend-application","release candidate replacement","include-release","medium","71386","text","direct"
"M","apps/frontend/src/components/tenant-crm/crm-core.tsx","01-frontend-application","release candidate replacement","include-release","medium","23395","text","direct"
"M","apps/frontend/src/components/tenant-documents/document-detail.tsx","01-frontend-application","release candidate replacement","include-release","medium","13068","text","direct"
"M","apps/frontend/src/components/tenant-documents/document-folders.tsx","01-frontend-application","release candidate replacement","include-release","medium","8155","text","direct"
"M","apps/frontend/src/components/tenant-documents/documents-core.tsx","01-frontend-application","release candidate replacement","include-release","medium","7387","text","direct"
"M","apps/frontend/src/components/tenant-finance/finance-core.tsx","01-frontend-application","release candidate replacement","include-release","medium","63405","text","direct"
"M","apps/frontend/src/components/tenant-knowledge/knowledge-activity.tsx","01-frontend-application","release candidate replacement","include-release","medium","2047","text","direct"
"M","apps/frontend/src/components/tenant-knowledge/knowledge-article-detail.tsx","01-frontend-application","release candidate replacement","include-release","medium","9221","text","direct"
"M","apps/frontend/src/components/tenant-knowledge/knowledge-articles-list.tsx","01-frontend-application","release candidate replacement","include-release","medium","5521","text","direct"
"M","apps/frontend/src/components/tenant-knowledge/knowledge-asset-collections.tsx","01-frontend-application","release candidate replacement","include-release","medium","3823","text","direct"
"M","apps/frontend/src/components/tenant-knowledge/knowledge-asset-detail.tsx","01-frontend-application","release candidate replacement","include-release","medium","4123","text","direct"
"M","apps/frontend/src/components/tenant-knowledge/knowledge-assets-list.tsx","01-frontend-application","release candidate replacement","include-release","medium","4406","text","direct"
"M","apps/frontend/src/components/tenant-knowledge/knowledge-categories.tsx","01-frontend-application","release candidate replacement","include-release","medium","5735","text","direct"
"M","apps/frontend/src/components/tenant-knowledge/knowledge-core.tsx","01-frontend-application","release candidate replacement","include-release","medium","5687","text","direct"
"M","apps/frontend/src/components/tenant-knowledge/knowledge-favorites.tsx","01-frontend-application","release candidate replacement","include-release","medium","2245","text","direct"
"M","apps/frontend/src/components/tenant-knowledge/knowledge-search.tsx","01-frontend-application","release candidate replacement","include-release","medium","3718","text","direct"
"M","apps/frontend/src/components/tenant-knowledge/knowledge-tags.tsx","01-frontend-application","release candidate replacement","include-release","medium","4325","text","direct"
"M","apps/frontend/src/components/tenant-knowledge/knowledge-template-detail.tsx","01-frontend-application","release candidate replacement","include-release","medium","5440","text","direct"
"M","apps/frontend/src/components/tenant-knowledge/knowledge-templates-list.tsx","01-frontend-application","release candidate replacement","include-release","medium","5041","text","direct"
"M","apps/frontend/src/components/tenant-notifications/notification-digest.tsx","01-frontend-application","release candidate replacement","include-release","medium","6774","text","direct"
"M","apps/frontend/src/components/tenant-notifications/notification-preferences.tsx","01-frontend-application","release candidate replacement","include-release","medium","8156","text","direct"
"M","apps/frontend/src/components/tenant-notifications/notification-rules.tsx","01-frontend-application","release candidate replacement","include-release","medium","8485","text","direct"
"M","apps/frontend/src/components/tenant-notifications/notifications-core.tsx","01-frontend-application","release candidate replacement","include-release","medium","6342","text","direct"
"M","apps/frontend/src/components/tenant-paperwork/paperwork-core.tsx","01-frontend-application","release candidate replacement","include-release","medium","21782","text","direct"
"M","apps/frontend/src/components/tenant-projects/projects-core.tsx","01-frontend-application","release candidate replacement","include-release","medium","76831","text","direct"
"M","apps/frontend/src/components/tenant-reports/consultant-performance.tsx","01-frontend-application","release candidate replacement","include-release","medium","14736","text","direct"
"M","apps/frontend/src/components/tenant-reports/executive-report.tsx","01-frontend-application","release candidate replacement","include-release","medium","4236","text","direct"
"M","apps/frontend/src/components/tenant-reports/kpi-targets.tsx","01-frontend-application","release candidate replacement","include-release","medium","6835","text","direct"
"M","apps/frontend/src/components/tenant-reports/operations-report.tsx","01-frontend-application","release candidate replacement","include-release","medium","2509","text","direct"
"M","apps/frontend/src/components/tenant-reports/report-snapshots.tsx","01-frontend-application","release candidate replacement","include-release","medium","5662","text","direct"
"M","apps/frontend/src/components/tenant-reports/reports-core.tsx","01-frontend-application","release candidate replacement","include-release","medium","13284","text","direct"
"M","apps/frontend/src/components/tenant-reports/saved-views.tsx","01-frontend-application","release candidate replacement","include-release","medium","6271","text","direct"
"M","apps/frontend/src/components/tenant-resources/knowledge-workspace.tsx","01-frontend-application","release candidate replacement","include-release","medium","11180","text","direct"
"M","apps/frontend/src/components/tenant-resources/team-workspace.tsx","01-frontend-application","release candidate replacement","include-release","medium","11267","text","direct"
"M","apps/frontend/src/components/tenant-resources/workload-workspace.tsx","01-frontend-application","release candidate replacement","include-release","medium","12746","text","direct"
"M","apps/frontend/src/components/tenant-settings-center/general-settings-workspace.tsx","01-frontend-application","release candidate replacement","include-release","medium","13935","text","direct"
"M","apps/frontend/src/components/tenant-settings-center/security-workspace.tsx","01-frontend-application","release candidate replacement","include-release","medium","9786","text","direct"
"M","apps/frontend/src/components/tenant-settings-center/settings-navigation.tsx","01-frontend-application","release candidate replacement","include-release","medium","1659","text","direct"
"M","apps/frontend/src/components/tenant-settings-center/user-permissions-panel.tsx","01-frontend-application","release candidate replacement","include-release","medium","8139","text","direct"
"M","apps/frontend/src/components/tenant-settings-center/users-permissions-workspace.tsx","01-frontend-application","release candidate replacement","include-release","medium","13559","text","direct"
"M","apps/frontend/src/components/tenant-site-proposals/site-proposal-activity-panel.tsx","01-frontend-application","release candidate replacement","include-release","medium","2958","text","direct"
"M","apps/frontend/src/components/tenant-site-proposals/site-proposal-config-editor.tsx","01-frontend-application","release candidate replacement","include-release","medium","7241","text","direct"
"M","apps/frontend/src/components/tenant-site-proposals/site-proposal-crm-editor.tsx","01-frontend-application","release candidate replacement","include-release","medium","7259","text","direct"
"M","apps/frontend/src/components/tenant-site-proposals/site-proposal-detail.tsx","01-frontend-application","release candidate replacement","include-release","medium","25844","text","direct"
"M","apps/frontend/src/components/tenant-site-proposals/site-proposal-images.tsx","01-frontend-application","release candidate replacement","include-release","medium","3709","text","direct"
"M","apps/frontend/src/components/tenant-site-proposals/site-proposal-import-detail.tsx","01-frontend-application","release candidate replacement","include-release","medium","14773","text","direct"
"M","apps/frontend/src/components/tenant-site-proposals/site-proposal-new.tsx","01-frontend-application","release candidate replacement","include-release","medium","11549","text","direct"
"M","apps/frontend/src/components/tenant-site-proposals/site-proposal-preview.tsx","01-frontend-application","release candidate replacement","include-release","medium","5842","text","direct"
"M","apps/frontend/src/components/tenant-site-proposals/site-proposal-themes.tsx","01-frontend-application","release candidate replacement","include-release","medium","17593","text","direct"
"M","apps/frontend/src/components/tenant-site-proposals/site-proposal-utils.ts","01-frontend-application","release candidate replacement","include-release","medium","4561","text","direct"
"M","apps/frontend/src/components/tenant-site-proposals/site-proposals-access-gate.tsx","01-frontend-application","release candidate replacement","include-release","medium","779","text","direct"
"M","apps/frontend/src/components/tenant-site-proposals/site-proposals-archive.tsx","01-frontend-application","release candidate replacement","include-release","medium","13756","text","direct"
"M","apps/frontend/src/components/tenant-site-proposals/site-proposals-list.tsx","01-frontend-application","release candidate replacement","include-release","medium","18328","text","direct"
"M","apps/frontend/src/components/tenant-team/team-availability.tsx","01-frontend-application","release candidate replacement","include-release","medium","10017","text","direct"
"M","apps/frontend/src/components/tenant-team/team-core.tsx","01-frontend-application","release candidate replacement","include-release","medium","11504","text","direct"
"M","apps/frontend/src/components/tenant-team/team-member-detail.tsx","01-frontend-application","release candidate replacement","include-release","medium","15437","text","direct"
"M","apps/frontend/src/components/tenant-team/team-member-form.tsx","01-frontend-application","release candidate replacement","include-release","medium","10043","text","direct"
"M","apps/frontend/src/components/tenant-team/team-skills.tsx","01-frontend-application","release candidate replacement","include-release","medium","4710","text","direct"
"M","apps/frontend/src/components/tenant-team/team-time-entries.tsx","01-frontend-application","release candidate replacement","include-release","medium","11333","text","direct"
"M","apps/frontend/src/components/tenant-team/team-workload.tsx","01-frontend-application","release candidate replacement","include-release","medium","5245","text","direct"
"M","apps/frontend/src/components/tenant-work/calendar-workspace.tsx","01-frontend-application","release candidate replacement","include-release","medium","16513","text","direct"
"M","apps/frontend/src/components/tenant-work/projects-workspace.tsx","01-frontend-application","release candidate replacement","include-release","medium","23250","text","direct"
"M","apps/frontend/src/components/tenant-work/tasks-workspace.tsx","01-frontend-application","release candidate replacement","include-release","medium","19490","text","direct"
"M","apps/frontend/src/components/tenant-work/work-overview.tsx","01-frontend-application","release candidate replacement","include-release","medium","15300","text","direct"
"??","apps/frontend/src/components/theme-provider.tsx","01-frontend-application","release candidate replacement","include-release","medium","291","text","direct"
"??","apps/frontend/src/components/theme-toggle.tsx","01-frontend-application","release candidate replacement","include-release","medium","790","text","direct"
"M","apps/frontend/src/components/theme/theme-toggle.tsx","01-frontend-application","release candidate replacement","include-release","medium","1350","text","direct"
"M","apps/frontend/src/components/ui/alert-dialog.tsx","01-frontend-application","release candidate replacement","include-release","medium","5637","text","direct"
"M","apps/frontend/src/components/ui/avatar.tsx","01-frontend-application","release candidate replacement","include-release","medium","3097","text","direct"
"M","apps/frontend/src/components/ui/badge.tsx","01-frontend-application","release candidate replacement","include-release","medium","1865","text","direct"
"M","apps/frontend/src/components/ui/button.tsx","01-frontend-application","release candidate replacement","include-release","medium","3435","text","direct"
"M","apps/frontend/src/components/ui/calendar.tsx","01-frontend-application","release candidate replacement","include-release","medium","8284","text","direct"
"M","apps/frontend/src/components/ui/card.tsx","01-frontend-application","release candidate replacement","include-release","medium","2629","text","direct"
"M","apps/frontend/src/components/ui/carousel.tsx","01-frontend-application","release candidate replacement","include-release","medium","6370","text","direct"
"M","apps/frontend/src/components/ui/chart.tsx","01-frontend-application","release candidate replacement","include-release","medium","10500","text","direct"
"M","apps/frontend/src/components/ui/command.tsx","01-frontend-application","release candidate replacement","include-release","medium","4958","text","direct"
"M","apps/frontend/src/components/ui/dialog.tsx","01-frontend-application","release candidate replacement","include-release","medium","4233","text","direct"
"M","apps/frontend/src/components/ui/dropdown-menu.tsx","01-frontend-application","release candidate replacement","include-release","medium","8830","text","direct"
"??","apps/frontend/src/components/ui/empty.tsx","01-frontend-application","release candidate replacement","include-release","medium","2397","text","direct"
"M","apps/frontend/src/components/ui/export-button.tsx","01-frontend-application","release candidate replacement","include-release","medium","1508","text","direct"
"M","apps/frontend/src/components/ui/global-search.tsx","01-frontend-application","release candidate replacement","include-release","medium","13062","text","direct"
"??","apps/frontend/src/components/ui/input-group.tsx","01-frontend-application","release candidate replacement","include-release","medium","5206","text","direct"
"M","apps/frontend/src/components/ui/pagination.tsx","01-frontend-application","release candidate replacement","include-release","medium","2751","text","direct"
"M","apps/frontend/src/components/ui/resizable.tsx","01-frontend-application","release candidate replacement","include-release","medium","1720","text","direct"
"M","apps/frontend/src/components/ui/sheet.tsx","01-frontend-application","release candidate replacement","include-release","medium","4664","text","direct"
"M","apps/frontend/src/components/ui/sidebar.tsx","01-frontend-application","release candidate replacement","include-release","medium","25622","text","direct"
"M","apps/frontend/src/components/ui/toggle-group.tsx","01-frontend-application","release candidate replacement","include-release","medium","3191","text","direct"
"??","apps/frontend/src/components/user-avatar.tsx","01-frontend-application","release candidate replacement","include-release","medium","703","text","direct"
"M","apps/frontend/src/config/tenant-navigation.ts","01-frontend-application","release candidate replacement","include-release","medium","7940","text","direct"
"M","apps/frontend/src/contexts/AppSettingsContext.tsx","01-frontend-application","release candidate replacement","include-release","medium","3407","text","direct"
"M","apps/frontend/src/contexts/TenantAccessContext.tsx","01-frontend-application","release candidate replacement","include-release","medium","2759","text","direct"
"??","apps/frontend/src/features/commercial/commercial-analytics.ts","01-frontend-application","release candidate replacement","include-release","medium","4142","text","direct"
"??","apps/frontend/src/features/commercial/commercial-automations.ts","01-frontend-application","release candidate replacement","include-release","medium","2596","text","direct"
"??","apps/frontend/src/features/commercial/commercial-campaigns.ts","01-frontend-application","release candidate replacement","include-release","medium","5774","text","direct"
"??","apps/frontend/src/features/commercial/commercial-collaboration.ts","01-frontend-application","release candidate replacement","include-release","medium","2775","text","direct"
"??","apps/frontend/src/features/commercial/commercial-commerce.ts","01-frontend-application","release candidate replacement","include-release","medium","8723","text","direct"
"??","apps/frontend/src/features/commercial/commercial-documents.ts","01-frontend-application","release candidate replacement","include-release","medium","1811","text","direct"
"??","apps/frontend/src/features/commercial/commercial-production.ts","01-frontend-application","release candidate replacement","include-release","medium","5821","text","direct"
"??","apps/frontend/src/features/commercial/commercial-provider-adapters.ts","01-frontend-application","release candidate replacement","include-release","medium","24027","text","direct"
"??","apps/frontend/src/features/commercial/commercial-provider-types.ts","01-frontend-application","release candidate replacement","include-release","medium","29282","text","direct"
"??","apps/frontend/src/features/commercial/commercial-rankings.ts","01-frontend-application","release candidate replacement","include-release","medium","4042","text","direct"
"??","apps/frontend/src/features/commercial/components/activity-detail-sheet.tsx","01-frontend-application","release candidate replacement","include-release","medium","14001","text","direct"
"??","apps/frontend/src/features/commercial/components/activity-form-dialog.tsx","01-frontend-application","release candidate replacement","include-release","medium","9576","text","direct"
"??","apps/frontend/src/features/commercial/components/activity-kanban-board.tsx","01-frontend-application","release candidate replacement","include-release","medium","7858","text","direct"
"??","apps/frontend/src/features/commercial/components/automation-performance-page.tsx","01-frontend-application","release candidate replacement","include-release","medium","7382","text","direct"
"??","apps/frontend/src/features/commercial/components/client-activities-tab.tsx","01-frontend-application","release candidate replacement","include-release","medium","7297","text","direct"
"??","apps/frontend/src/features/commercial/components/client-operations-tabs.tsx","01-frontend-application","release candidate replacement","include-release","medium","26090","text","direct"
"??","apps/frontend/src/features/commercial/components/client-projects-tab.tsx","01-frontend-application","release candidate replacement","include-release","medium","16311","text","direct"
"??","apps/frontend/src/features/commercial/components/client-quick-sheet.tsx","01-frontend-application","release candidate replacement","include-release","medium","9600","text","direct"
"??","apps/frontend/src/features/commercial/components/commerce-form-dialogs.tsx","01-frontend-application","release candidate replacement","include-release","medium","28501","text","direct"
"??","apps/frontend/src/features/commercial/components/commerce-operations-page.tsx","01-frontend-application","release candidate replacement","include-release","medium","24080","text","direct"
"??","apps/frontend/src/features/commercial/components/commerce-order-detail-page.tsx","01-frontend-application","release candidate replacement","include-release","medium","8183","text","direct"
"??","apps/frontend/src/features/commercial/components/commercial-activities-page.tsx","01-frontend-application","release candidate replacement","include-release","medium","19557","text","direct"
"??","apps/frontend/src/features/commercial/components/commercial-archive-page.tsx","01-frontend-application","release candidate replacement","include-release","medium","5836","text","direct"
"??","apps/frontend/src/features/commercial/components/commercial-campaigns-page.tsx","01-frontend-application","release candidate replacement","include-release","medium","13881","text","direct"
"??","apps/frontend/src/features/commercial/components/commercial-client-detail-page.tsx","01-frontend-application","release candidate replacement","include-release","medium","30714","text","direct"
"??","apps/frontend/src/features/commercial/components/commercial-clients-page.tsx","01-frontend-application","release candidate replacement","include-release","medium","13890","text","direct"
"??","apps/frontend/src/features/commercial/components/commercial-dashboard-refined.tsx","01-frontend-application","release candidate replacement","include-release","medium","30943","text","direct"
"??","apps/frontend/src/features/commercial/components/commercial-deadlines-page.tsx","01-frontend-application","release candidate replacement","include-release","medium","2776","text","direct"
"??","apps/frontend/src/features/commercial/components/commercial-document-cycle-page.tsx","01-frontend-application","release candidate replacement","include-release","medium","19455","text","direct"
"??","apps/frontend/src/features/commercial/components/commercial-documents-page.tsx","01-frontend-application","release candidate replacement","include-release","medium","5172","text","direct"
"??","apps/frontend/src/features/commercial/components/commercial-full-pipeline-page.tsx","01-frontend-application","release candidate replacement","include-release","medium","7070","text","direct"
"??","apps/frontend/src/features/commercial/components/commercial-leads-page-layout.tsx","01-frontend-application","release candidate replacement","include-release","medium","22545","text","direct"
"??","apps/frontend/src/features/commercial/components/commercial-leads-provider.tsx","01-frontend-application","release candidate replacement","include-release","medium","297242","text","direct"
"??","apps/frontend/src/features/commercial/components/commercial-pipeline-board.tsx","01-frontend-application","release candidate replacement","include-release","medium","19005","text","direct"
"??","apps/frontend/src/features/commercial/components/commercial-project-detail-page.tsx","01-frontend-application","release candidate replacement","include-release","medium","60071","text","direct"
"??","apps/frontend/src/features/commercial/components/commercial-projects-page.tsx","01-frontend-application","release candidate replacement","include-release","medium","10550","text","direct"
"??","apps/frontend/src/features/commercial/components/commercial-settings-page.tsx","01-frontend-application","release candidate replacement","include-release","medium","4470","text","direct"
"??","apps/frontend/src/features/commercial/components/commercial-workspace-page.tsx","01-frontend-application","release candidate replacement","include-release","medium","21902","text","direct"
"??","apps/frontend/src/features/commercial/components/contract-renewal-operations-page.tsx","01-frontend-application","release candidate replacement","include-release","medium","36660","text","direct"
"??","apps/frontend/src/features/commercial/components/customer-form-dialog.tsx","01-frontend-application","release candidate replacement","include-release","medium","8498","text","direct"
"??","apps/frontend/src/features/commercial/components/customer-logo.tsx","01-frontend-application","release candidate replacement","include-release","medium","633","text","direct"
"??","apps/frontend/src/features/commercial/components/duplicates-page.tsx","01-frontend-application","release candidate replacement","include-release","medium","21370","text","direct"
"??","apps/frontend/src/features/commercial/components/google-contacts-export-dialog.tsx","01-frontend-application","release candidate replacement","include-release","medium","5274","text","direct"
"??","apps/frontend/src/features/commercial/components/lead-archive-dialog.tsx","01-frontend-application","release candidate replacement","include-release","medium","2078","text","direct"
"??","apps/frontend/src/features/commercial/components/lead-commercial-path.tsx","01-frontend-application","release candidate replacement","include-release","medium","9885","text","direct"
"??","apps/frontend/src/features/commercial/components/lead-detail/lead-detail-actions.tsx","01-frontend-application","release candidate replacement","include-release","medium","8396","text","direct"
"??","apps/frontend/src/features/commercial/components/lead-detail/lead-detail-operational-card.tsx","01-frontend-application","release candidate replacement","include-release","medium","18206","text","direct"
"??","apps/frontend/src/features/commercial/components/lead-detail/lead-detail-page.tsx","01-frontend-application","release candidate replacement","include-release","medium","9251","text","direct"
"??","apps/frontend/src/features/commercial/components/lead-detail/lead-detail-route.tsx","01-frontend-application","release candidate replacement","include-release","medium","442","text","direct"
"??","apps/frontend/src/features/commercial/components/lead-detail/lead-detail-workspace.tsx","01-frontend-application","release candidate replacement","include-release","medium","8246","text","direct"
"??","apps/frontend/src/features/commercial/components/lead-detail/lead-timeline-card.tsx","01-frontend-application","release candidate replacement","include-release","medium","4666","text","direct"
"??","apps/frontend/src/features/commercial/components/lead-quick-sheet.tsx","01-frontend-application","release candidate replacement","include-release","medium","11726","text","direct"
"??","apps/frontend/src/features/commercial/components/project-production-panel.tsx","01-frontend-application","release candidate replacement","include-release","medium","11825","text","direct"
"??","apps/frontend/src/features/commercial/components/ranking-winner-badges.tsx","01-frontend-application","release candidate replacement","include-release","medium","4901","text","direct"
"??","apps/frontend/src/features/commercial/components/record-collaboration-panel.tsx","01-frontend-application","release candidate replacement","include-release","medium","23807","text","direct"
"??","apps/frontend/src/features/commercial/components/server-rankings-panel.tsx","01-frontend-application","release candidate replacement","include-release","medium","8169","text","direct"
"??","apps/frontend/src/features/commercial/components/team-workload-view.tsx","01-frontend-application","release candidate replacement","include-release","medium","26031","text","direct"
"??","apps/frontend/src/features/commercial/document-status.tsx","01-frontend-application","release candidate replacement","include-release","medium","2492","text","direct"
"??","apps/frontend/src/features/commercial/duplicates.ts","01-frontend-application","release candidate replacement","include-release","medium","6878","text","direct"
"??","apps/frontend/src/features/commercial/google-contacts-export.ts","01-frontend-application","release candidate replacement","include-release","medium","2077","text","direct"
"??","apps/frontend/src/features/commercial/hooks/use-commercial-core-cache.ts","01-frontend-application","release candidate replacement","include-release","medium","1251","text","direct"
"??","apps/frontend/src/features/commercial/hooks/use-commercial-duplicates.ts","01-frontend-application","release candidate replacement","include-release","medium","1750","text","direct"
"??","apps/frontend/src/features/commercial/pipeline-stages.ts","01-frontend-application","release candidate replacement","include-release","medium","960","text","direct"
"??","apps/frontend/src/features/commercial/types.ts","01-frontend-application","release candidate replacement","include-release","medium","4049","text","direct"
"??","apps/frontend/src/features/commercial/use-commercial-team.ts","01-frontend-application","release candidate replacement","include-release","medium","679","text","direct"
"??","apps/frontend/src/features/dashboard/components/dashboard-states.tsx","01-frontend-application","release candidate replacement","include-release","medium","1007","text","direct"
"??","apps/frontend/src/features/dashboard/components/financial-summary-chart.tsx","01-frontend-application","release candidate replacement","include-release","medium","2811","text","direct"
"??","apps/frontend/src/features/dashboard/components/metric-area-chart.tsx","01-frontend-application","release candidate replacement","include-release","medium","2375","text","direct"
"??","apps/frontend/src/features/dashboard/components/metric-line-chart.tsx","01-frontend-application","release candidate replacement","include-release","medium","1659","text","direct"
"??","apps/frontend/src/features/dashboard/dashboard-overview.tsx","01-frontend-application","release candidate replacement","include-release","medium","282","text","direct"
"??","apps/frontend/src/features/dashboard/formatters.ts","01-frontend-application","release candidate replacement","include-release","medium","1158","text","direct"
"??","apps/frontend/src/features/dashboard/role-aware-dashboard.tsx","01-frontend-application","release candidate replacement","include-release","medium","10471","text","direct"
"??","apps/frontend/src/features/dashboard/synchronized-dashboard-overview.tsx","01-frontend-application","release candidate replacement","include-release","medium","15811","text","direct"
"??","apps/frontend/src/features/dashboard/trend.ts","01-frontend-application","release candidate replacement","include-release","medium","1099","text","direct"
"??","apps/frontend/src/features/dashboard/types.ts","01-frontend-application","release candidate replacement","include-release","medium","2057","text","direct"
"??","apps/frontend/src/features/identity/access-denied.tsx","01-frontend-application","release candidate replacement","include-release","medium","864","text","direct"
"??","apps/frontend/src/features/identity/authorized-pages.tsx","01-frontend-application","release candidate replacement","include-release","high","3507","text","direct"
"??","apps/frontend/src/features/identity/doflow-experience-context.tsx","01-frontend-application","release candidate replacement","include-release","medium","394","text","direct"
"??","apps/frontend/src/features/identity/doflow-identity-provider.tsx","01-frontend-application","release candidate replacement","include-release","medium","13342","text","direct"
"??","apps/frontend/src/features/identity/identity-session-guard.tsx","01-frontend-application","release candidate replacement","include-release","high","763","text","direct"
"??","apps/frontend/src/features/identity/permissions.ts","01-frontend-application","release candidate replacement","include-release","medium","10672","text","direct"
"??","apps/frontend/src/features/identity/use-authorized-commercial.ts","01-frontend-application","release candidate replacement","include-release","high","1492","text","direct"
"??","apps/frontend/src/hooks/use-current-date.ts","01-frontend-application","release candidate replacement","include-release","medium","406","text","direct"
"??","apps/frontend/src/hooks/use-doflow-notifications.ts","01-frontend-application","release candidate replacement","include-release","medium","3314","text","direct"
"M","apps/frontend/src/hooks/use-platform.tsx","01-frontend-application","release candidate replacement","include-release","medium","566","text","direct"
"M","apps/frontend/src/hooks/use-toast.ts","01-frontend-application","release candidate replacement","include-release","medium","3849","text","direct"
"M","apps/frontend/src/hooks/useNotifications.ts","01-frontend-application","release candidate replacement","include-release","medium","3881","text","direct"
"M","apps/frontend/src/hooks/useSalesIntelJob.ts","01-frontend-application","release candidate replacement","include-release","medium","1850","text","direct"
"M","apps/frontend/src/lib/api.ts","01-frontend-application","release candidate replacement","include-release","medium","4400","text","direct"
"D","apps/frontend/src/lib/auth-storage.ts","10-old-retired-files","release candidate replacement","include-release","high","0","deleted","direct"
"??","apps/frontend/src/lib/date.ts","01-frontend-application","release candidate replacement","include-release","medium","2468","text","direct"
"??","apps/frontend/src/lib/doflow-notifications.ts","01-frontend-application","release candidate replacement","include-release","medium","2196","text","direct"
"??","apps/frontend/src/lib/error-message.ts","01-frontend-application","release candidate replacement","include-release","medium","392","text","direct"
"M","apps/frontend/src/lib/jwt.ts","01-frontend-application","release candidate replacement","include-release","medium","1318","text","direct"
"M","apps/frontend/src/lib/plans.ts","01-frontend-application","release candidate replacement","include-release","medium","17985","text","direct"
"M","apps/frontend/src/lib/project-stage-model.ts","01-frontend-application","release candidate replacement","include-release","medium","5659","text","direct"
"M","apps/frontend/src/lib/safe-action.ts","01-frontend-application","release candidate replacement","include-release","medium","559","text","direct"
"M","apps/frontend/src/lib/tenant-automations-api.ts","01-frontend-application","release candidate replacement","include-release","medium","7897","text","direct"
"??","apps/frontend/src/lib/tenant-collaboration-api.ts","01-frontend-application","release candidate replacement","include-release","medium","2370","text","direct"
"??","apps/frontend/src/lib/tenant-commerce-api.ts","01-frontend-application","release candidate replacement","include-release","medium","19564","text","direct"
"M","apps/frontend/src/lib/tenant-commercial-api.ts","01-frontend-application","release candidate replacement","include-release","medium","19086","text","direct"
"??","apps/frontend/src/lib/tenant-delivery-api.ts","01-frontend-application","release candidate replacement","include-release","medium","16324","text","direct"
"??","apps/frontend/src/lib/tenant-document-revenue-api.ts","01-frontend-application","release candidate replacement","include-release","medium","15369","text","direct"
"M","apps/frontend/src/lib/tenant-documents-api.ts","01-frontend-application","release candidate replacement","include-release","medium","6653","text","direct"
"M","apps/frontend/src/lib/tenant-fetch.ts","01-frontend-application","release candidate replacement","include-release","medium","4420","text","direct"
"M","apps/frontend/src/lib/tenant-notifications-api.ts","01-frontend-application","release candidate replacement","include-release","medium","5792","text","direct"
"??","apps/frontend/src/lib/tenant-performance-api.ts","01-frontend-application","release candidate replacement","include-release","medium","3467","text","direct"
"M","apps/frontend/src/lib/tenant-record-operations-api.ts","01-frontend-application","release candidate replacement","include-release","medium","3681","text","direct"
"M","apps/frontend/src/lib/tenant-reports-api.ts","01-frontend-application","release candidate replacement","include-release","medium","10823","text","direct"
"M","apps/frontend/src/lib/tenant-site-proposals-api.ts","01-frontend-application","release candidate replacement","include-release","medium","20402","text","direct"
"M","apps/frontend/src/lib/tenant-url.ts","01-frontend-application","release candidate replacement","include-release","medium","2074","text","direct"
"D","apps/frontend/src/middleware.ts","10-old-retired-files","release candidate replacement","include-release","medium","0","deleted","direct"
"??","apps/frontend/src/proxy.ts","01-frontend-application","release candidate replacement","include-release","medium","2997","text","direct"
"M","apps/frontend/tailwind.config.ts","01-frontend-application","release candidate replacement","include-release","medium","5736","text","direct"
"M","apps/frontend/tsconfig.json","01-frontend-application","release candidate replacement","include-release","medium","636","text","direct"
"!!","docs/design-references/doflow-crm-projects/actual/admin-currency-contracts.png","09-visual-screenshots","intermediate or duplicate visual evidence","excluded-intermediate","low","118021","binary-png","intermediate"
"!!","docs/design-references/doflow-crm-projects/actual/admin-currency-invoices.png","09-visual-screenshots","intermediate or duplicate visual evidence","excluded-intermediate","low","77714","binary-png","intermediate"
"!!","docs/design-references/doflow-crm-projects/actual/admin-currency-overview.png","09-visual-screenshots","intermediate or duplicate visual evidence","excluded-intermediate","low","114558","binary-png","intermediate"
"!!","docs/design-references/doflow-crm-projects/actual/admin-currency-renewals.png","09-visual-screenshots","intermediate or duplicate visual evidence","excluded-intermediate","low","117877","binary-png","intermediate"
"!!","docs/design-references/doflow-crm-projects/actual/auth-invite-consistency.png","09-visual-screenshots","intermediate or duplicate visual evidence","excluded-intermediate","low","357323","binary-png","intermediate"
"!!","docs/design-references/doflow-crm-projects/actual/auth-login-desktop.png","09-visual-screenshots","intermediate or duplicate visual evidence","excluded-intermediate","low","823516","binary-png","intermediate"
"!!","docs/design-references/doflow-crm-projects/actual/auth-login-final-scale-desktop.png","09-visual-screenshots","intermediate or duplicate visual evidence","excluded-intermediate","low","673926","binary-png","intermediate"
"!!","docs/design-references/doflow-crm-projects/actual/auth-login-final-scale-mobile.png","09-visual-screenshots","intermediate or duplicate visual evidence","excluded-intermediate","low","83573","binary-png","intermediate"
"!!","docs/design-references/doflow-crm-projects/actual/auth-login-final-scale-tablet.png","09-visual-screenshots","intermediate or duplicate visual evidence","excluded-intermediate","low","343679","binary-png","intermediate"
"!!","docs/design-references/doflow-crm-projects/actual/auth-login-invalid.png","09-visual-screenshots","intermediate or duplicate visual evidence","excluded-intermediate","low","418738","binary-png","intermediate"
"!!","docs/design-references/doflow-crm-projects/actual/auth-login-new-reference-desktop.png","09-visual-screenshots","intermediate or duplicate visual evidence","excluded-intermediate","low","647278","binary-png","intermediate"
"!!","docs/design-references/doflow-crm-projects/actual/auth-login-new-reference-mobile.png","09-visual-screenshots","intermediate or duplicate visual evidence","excluded-intermediate","low","83757","binary-png","intermediate"
"!!","docs/design-references/doflow-crm-projects/actual/auth-login-new-reference-tablet.png","09-visual-screenshots","intermediate or duplicate visual evidence","excluded-intermediate","low","341650","binary-png","intermediate"
"!!","docs/design-references/doflow-crm-projects/actual/auth-login-reference-1440x900.png","09-visual-screenshots","intermediate or duplicate visual evidence","excluded-intermediate","low","490802","binary-png","intermediate"
"!!","docs/design-references/doflow-crm-projects/actual/auth-login-reference-768x900.png","09-visual-screenshots","intermediate or duplicate visual evidence","excluded-intermediate","low","52206","binary-png","intermediate"
"!!","docs/design-references/doflow-crm-projects/actual/auth-login-reference-desktop-dark.png","09-visual-screenshots","intermediate or duplicate visual evidence","excluded-intermediate","low","569369","binary-png","intermediate"
"!!","docs/design-references/doflow-crm-projects/actual/auth-login-reference-desktop.png","09-visual-screenshots","intermediate or duplicate visual evidence","excluded-intermediate","low","565072","binary-png","intermediate"
"!!","docs/design-references/doflow-crm-projects/actual/auth-login-reference-mobile.png","09-visual-screenshots","intermediate or duplicate visual evidence","excluded-intermediate","low","45585","binary-png","intermediate"
"!!","docs/design-references/doflow-crm-projects/actual/auth-login-reference-tablet.png","09-visual-screenshots","intermediate or duplicate visual evidence","excluded-intermediate","low","333996","binary-png","intermediate"
"!!","docs/design-references/doflow-crm-projects/actual/auth-login-tablet.png","09-visual-screenshots","intermediate or duplicate visual evidence","excluded-intermediate","low","707805","binary-png","intermediate"
"!!","docs/design-references/doflow-crm-projects/actual/auth-mfa-setup.png","09-visual-screenshots","intermediate or duplicate visual evidence","excluded-intermediate","low","433074","binary-png","intermediate"
"!!","docs/design-references/doflow-crm-projects/actual/auth-mfa-verify.png","09-visual-screenshots","intermediate or duplicate visual evidence","excluded-intermediate","low","358586","binary-png","intermediate"
"!!","docs/design-references/doflow-crm-projects/actual/auth-register-desktop.png","09-visual-screenshots","intermediate or duplicate visual evidence","excluded-intermediate","low","642438","binary-png","intermediate"
"!!","docs/design-references/doflow-crm-projects/actual/auth-register-mobile.png","09-visual-screenshots","intermediate or duplicate visual evidence","excluded-intermediate","low","54268","binary-png","intermediate"
"!!","docs/design-references/doflow-crm-projects/actual/builder-sidebar-desktop.png","09-visual-screenshots","intermediate or duplicate visual evidence","excluded-intermediate","low","39581","binary-png","intermediate"
"!!","docs/design-references/doflow-crm-projects/actual/builder-sidebar-mobile.png","09-visual-screenshots","intermediate or duplicate visual evidence","excluded-intermediate","low","26948","binary-png","intermediate"
"!!","docs/design-references/doflow-crm-projects/actual/builder-sidebar-tablet.png","09-visual-screenshots","intermediate or duplicate visual evidence","excluded-intermediate","low","35539","binary-png","intermediate"
"!!","docs/design-references/doflow-crm-projects/actual/client-activity-communications-desktop.png","09-visual-screenshots","intermediate or duplicate visual evidence","excluded-intermediate","low","173650","binary-png","intermediate"
"!!","docs/design-references/doflow-crm-projects/actual/client-administration-desktop.png","09-visual-screenshots","intermediate or duplicate visual evidence","excluded-intermediate","low","178186","binary-png","intermediate"
"!!","docs/design-references/doflow-crm-projects/actual/client-files-desktop.png","09-visual-screenshots","intermediate or duplicate visual evidence","excluded-intermediate","low","186779","binary-png","intermediate"
"!!","docs/design-references/doflow-crm-projects/actual/closure-new-client-detail-diagnostic.png","09-visual-screenshots","intermediate or duplicate visual evidence","excluded-intermediate","low","83618","binary-png","intermediate"
"!!","docs/design-references/doflow-crm-projects/actual/closure-new-project-detail-diagnostic.png","09-visual-screenshots","intermediate or duplicate visual evidence","excluded-intermediate","low","65839","binary-png","intermediate"
"!!","docs/design-references/doflow-crm-projects/actual/commerce-catalogo-dark-desktop-1440x900.png","09-visual-screenshots","intermediate or duplicate visual evidence","excluded-intermediate","low","361269","binary-png","intermediate"
"!!","docs/design-references/doflow-crm-projects/actual/commerce-catalogo-dark-mobile-390x900.png","09-visual-screenshots","intermediate or duplicate visual evidence","excluded-intermediate","low","125187","binary-png","intermediate"
"!!","docs/design-references/doflow-crm-projects/actual/commerce-catalogo-dark-tablet-768x900.png","09-visual-screenshots","intermediate or duplicate visual evidence","excluded-intermediate","low","281477","binary-png","intermediate"
"!!","docs/design-references/doflow-crm-projects/actual/commerce-catalogo-light-desktop-1440x900.png","09-visual-screenshots","intermediate or duplicate visual evidence","excluded-intermediate","low","310282","binary-png","intermediate"
"!!","docs/design-references/doflow-crm-projects/actual/commerce-catalogo-light-mobile-390x900.png","09-visual-screenshots","intermediate or duplicate visual evidence","excluded-intermediate","low","113946","binary-png","intermediate"
"!!","docs/design-references/doflow-crm-projects/actual/commerce-catalogo-light-tablet-768x900.png","09-visual-screenshots","intermediate or duplicate visual evidence","excluded-intermediate","low","248574","binary-png","intermediate"
"!!","docs/design-references/doflow-crm-projects/actual/commerce-client-administration-dark-desktop-1440x900.png","09-visual-screenshots","intermediate or duplicate visual evidence","excluded-intermediate","low","456889","binary-png","intermediate"
"!!","docs/design-references/doflow-crm-projects/actual/commerce-client-administration-dark-mobile-390x900.png","09-visual-screenshots","intermediate or duplicate visual evidence","excluded-intermediate","low","134539","binary-png","intermediate"
"!!","docs/design-references/doflow-crm-projects/actual/commerce-client-administration-dark-tablet-768x900.png","09-visual-screenshots","intermediate or duplicate visual evidence","excluded-intermediate","low","277906","binary-png","intermediate"
"!!","docs/design-references/doflow-crm-projects/actual/commerce-client-administration-light-desktop-1440x900.png","09-visual-screenshots","intermediate or duplicate visual evidence","excluded-intermediate","low","382178","binary-png","intermediate"
"!!","docs/design-references/doflow-crm-projects/actual/commerce-client-administration-light-mobile-390x900.png","09-visual-screenshots","intermediate or duplicate visual evidence","excluded-intermediate","low","113870","binary-png","intermediate"
"!!","docs/design-references/doflow-crm-projects/actual/commerce-client-administration-light-tablet-768x900.png","09-visual-screenshots","intermediate or duplicate visual evidence","excluded-intermediate","low","235626","binary-png","intermediate"
"!!","docs/design-references/doflow-crm-projects/actual/commerce-dashboard-dark-desktop-1440x900.png","09-visual-screenshots","intermediate or duplicate visual evidence","excluded-intermediate","low","442383","binary-png","intermediate"
"!!","docs/design-references/doflow-crm-projects/actual/commerce-dashboard-dark-mobile-390x900.png","09-visual-screenshots","intermediate or duplicate visual evidence","excluded-intermediate","low","177613","binary-png","intermediate"
"!!","docs/design-references/doflow-crm-projects/actual/commerce-dashboard-dark-tablet-768x900.png","09-visual-screenshots","intermediate or duplicate visual evidence","excluded-intermediate","low","318905","binary-png","intermediate"
"!!","docs/design-references/doflow-crm-projects/actual/commerce-dashboard-light-desktop-1440x900.png","09-visual-screenshots","intermediate or duplicate visual evidence","excluded-intermediate","low","382344","binary-png","intermediate"
"!!","docs/design-references/doflow-crm-projects/actual/commerce-dashboard-light-mobile-390x900.png","09-visual-screenshots","intermediate or duplicate visual evidence","excluded-intermediate","low","160034","binary-png","intermediate"
"!!","docs/design-references/doflow-crm-projects/actual/commerce-dashboard-light-tablet-768x900.png","09-visual-screenshots","intermediate or duplicate visual evidence","excluded-intermediate","low","282405","binary-png","intermediate"
"!!","docs/design-references/doflow-crm-projects/actual/commerce-finance-access-denied-dark-desktop-1440x900.png","09-visual-screenshots","intermediate or duplicate visual evidence","excluded-intermediate","low","164523","binary-png","intermediate"
"!!","docs/design-references/doflow-crm-projects/actual/commerce-finance-access-denied-dark-mobile-390x900.png","09-visual-screenshots","intermediate or duplicate visual evidence","excluded-intermediate","low","14362","binary-png","intermediate"
"!!","docs/design-references/doflow-crm-projects/actual/commerce-finance-access-denied-dark-tablet-768x900.png","09-visual-screenshots","intermediate or duplicate visual evidence","excluded-intermediate","low","131559","binary-png","intermediate"
"!!","docs/design-references/doflow-crm-projects/actual/commerce-finance-access-denied-light-desktop-1440x900.png","09-visual-screenshots","intermediate or duplicate visual evidence","excluded-intermediate","low","146951","binary-png","intermediate"
"!!","docs/design-references/doflow-crm-projects/actual/commerce-finance-access-denied-light-mobile-390x900.png","09-visual-screenshots","intermediate or duplicate visual evidence","excluded-intermediate","low","14757","binary-png","intermediate"
"!!","docs/design-references/doflow-crm-projects/actual/commerce-finance-access-denied-light-tablet-768x900.png","09-visual-screenshots","intermediate or duplicate visual evidence","excluded-intermediate","low","113895","binary-png","intermediate"
"!!","docs/design-references/doflow-crm-projects/actual/commerce-order-detail-dark-desktop-1440x900.png","09-visual-screenshots","intermediate or duplicate visual evidence","excluded-intermediate","low","508998","binary-png","intermediate"
"!!","docs/design-references/doflow-crm-projects/actual/commerce-order-detail-dark-mobile-390x900.png","09-visual-screenshots","intermediate or duplicate visual evidence","excluded-intermediate","low","129420","binary-png","intermediate"
"!!","docs/design-references/doflow-crm-projects/actual/commerce-order-detail-dark-tablet-768x900.png","09-visual-screenshots","intermediate or duplicate visual evidence","excluded-intermediate","low","304641","binary-png","intermediate"
"!!","docs/design-references/doflow-crm-projects/actual/commerce-order-detail-light-desktop-1440x900.png","09-visual-screenshots","intermediate or duplicate visual evidence","excluded-intermediate","low","427838","binary-png","intermediate"
"!!","docs/design-references/doflow-crm-projects/actual/commerce-order-detail-light-mobile-390x900.png","09-visual-screenshots","intermediate or duplicate visual evidence","excluded-intermediate","low","116687","binary-png","intermediate"
"!!","docs/design-references/doflow-crm-projects/actual/commerce-order-detail-light-tablet-768x900.png","09-visual-screenshots","intermediate or duplicate visual evidence","excluded-intermediate","low","262871","binary-png","intermediate"
"!!","docs/design-references/doflow-crm-projects/actual/commerce-ordini-dark-desktop-1440x900.png","09-visual-screenshots","intermediate or duplicate visual evidence","excluded-intermediate","low","399051","binary-png","intermediate"
"!!","docs/design-references/doflow-crm-projects/actual/commerce-ordini-dark-mobile-390x900.png","09-visual-screenshots","intermediate or duplicate visual evidence","excluded-intermediate","low","119160","binary-png","intermediate"
"!!","docs/design-references/doflow-crm-projects/actual/commerce-ordini-dark-tablet-768x900.png","09-visual-screenshots","intermediate or duplicate visual evidence","excluded-intermediate","low","278926","binary-png","intermediate"
"!!","docs/design-references/doflow-crm-projects/actual/commerce-ordini-light-desktop-1440x900.png","09-visual-screenshots","intermediate or duplicate visual evidence","excluded-intermediate","low","335791","binary-png","intermediate"
"!!","docs/design-references/doflow-crm-projects/actual/commerce-ordini-light-mobile-390x900.png","09-visual-screenshots","intermediate or duplicate visual evidence","excluded-intermediate","low","108800","binary-png","intermediate"
"!!","docs/design-references/doflow-crm-projects/actual/commerce-ordini-light-tablet-768x900.png","09-visual-screenshots","intermediate or duplicate visual evidence","excluded-intermediate","low","243095","binary-png","intermediate"
"!!","docs/design-references/doflow-crm-projects/actual/commerce-pagamenti-dark-desktop-1440x900.png","09-visual-screenshots","intermediate or duplicate visual evidence","excluded-intermediate","low","500771","binary-png","intermediate"
"!!","docs/design-references/doflow-crm-projects/actual/commerce-pagamenti-dark-mobile-390x900.png","09-visual-screenshots","intermediate or duplicate visual evidence","excluded-intermediate","low","128216","binary-png","intermediate"
"!!","docs/design-references/doflow-crm-projects/actual/commerce-pagamenti-dark-tablet-768x900.png","09-visual-screenshots","intermediate or duplicate visual evidence","excluded-intermediate","low","289171","binary-png","intermediate"
"!!","docs/design-references/doflow-crm-projects/actual/commerce-pagamenti-light-desktop-1440x900.png","09-visual-screenshots","intermediate or duplicate visual evidence","excluded-intermediate","low","421631","binary-png","intermediate"
"!!","docs/design-references/doflow-crm-projects/actual/commerce-pagamenti-light-mobile-390x900.png","09-visual-screenshots","intermediate or duplicate visual evidence","excluded-intermediate","low","118495","binary-png","intermediate"
"!!","docs/design-references/doflow-crm-projects/actual/commerce-pagamenti-light-tablet-768x900.png","09-visual-screenshots","intermediate or duplicate visual evidence","excluded-intermediate","low","254065","binary-png","intermediate"
"!!","docs/design-references/doflow-crm-projects/actual/commerce-project-payments-dark-desktop-1440x900.png","09-visual-screenshots","intermediate or duplicate visual evidence","excluded-intermediate","low","496624","binary-png","intermediate"
"!!","docs/design-references/doflow-crm-projects/actual/commerce-project-payments-dark-mobile-390x900.png","09-visual-screenshots","intermediate or duplicate visual evidence","excluded-intermediate","low","30801","binary-png","intermediate"
"!!","docs/design-references/doflow-crm-projects/actual/commerce-project-payments-dark-tablet-768x900.png","09-visual-screenshots","intermediate or duplicate visual evidence","excluded-intermediate","low","357150","binary-png","intermediate"
"!!","docs/design-references/doflow-crm-projects/actual/commerce-project-payments-light-desktop-1440x900.png","09-visual-screenshots","intermediate or duplicate visual evidence","excluded-intermediate","low","434178","binary-png","intermediate"
"!!","docs/design-references/doflow-crm-projects/actual/commerce-project-payments-light-mobile-390x900.png","09-visual-screenshots","intermediate or duplicate visual evidence","excluded-intermediate","low","31363","binary-png","intermediate"
"!!","docs/design-references/doflow-crm-projects/actual/commerce-project-payments-light-tablet-768x900.png","09-visual-screenshots","intermediate or duplicate visual evidence","excluded-intermediate","low","317929","binary-png","intermediate"
"!!","docs/design-references/doflow-crm-projects/actual/commerce-vendite-dark-desktop-1440x900.png","09-visual-screenshots","intermediate or duplicate visual evidence","excluded-intermediate","low","384964","binary-png","intermediate"
"!!","docs/design-references/doflow-crm-projects/actual/commerce-vendite-dark-mobile-390x900.png","09-visual-screenshots","intermediate or duplicate visual evidence","excluded-intermediate","low","119577","binary-png","intermediate"
"!!","docs/design-references/doflow-crm-projects/actual/commerce-vendite-dark-tablet-768x900.png","09-visual-screenshots","intermediate or duplicate visual evidence","excluded-intermediate","low","278436","binary-png","intermediate"
"!!","docs/design-references/doflow-crm-projects/actual/commerce-vendite-light-desktop-1440x900.png","09-visual-screenshots","intermediate or duplicate visual evidence","excluded-intermediate","low","326349","binary-png","intermediate"
"!!","docs/design-references/doflow-crm-projects/actual/commerce-vendite-light-mobile-390x900.png","09-visual-screenshots","intermediate or duplicate visual evidence","excluded-intermediate","low","109116","binary-png","intermediate"
"!!","docs/design-references/doflow-crm-projects/actual/commerce-vendite-light-tablet-768x900.png","09-visual-screenshots","intermediate or duplicate visual evidence","excluded-intermediate","low","242242","binary-png","intermediate"
"!!","docs/design-references/doflow-crm-projects/actual/commercial-stages-desktop.png","09-visual-screenshots","intermediate or duplicate visual evidence","excluded-intermediate","low","75907","binary-png","intermediate"
"!!","docs/design-references/doflow-crm-projects/actual/commercial-stages-mobile.png","09-visual-screenshots","intermediate or duplicate visual evidence","excluded-intermediate","low","27373","binary-png","intermediate"
"!!","docs/design-references/doflow-crm-projects/actual/commercial-stages-tablet.png","09-visual-screenshots","intermediate or duplicate visual evidence","excluded-intermediate","low","66859","binary-png","intermediate"
"!!","docs/design-references/doflow-crm-projects/actual/consultant-detail-desktop.png","09-visual-screenshots","intermediate or duplicate visual evidence","excluded-intermediate","low","134566","binary-png","intermediate"
"!!","docs/design-references/doflow-crm-projects/actual/consultant-performance-desktop.png","09-visual-screenshots","intermediate or duplicate visual evidence","excluded-intermediate","low","99871","binary-png","intermediate"
"!!","docs/design-references/doflow-crm-projects/actual/crm-projects-acceptance-desktop.png","09-visual-screenshots","intermediate or duplicate visual evidence","excluded-intermediate","low","99871","binary-png","intermediate"
"!!","docs/design-references/doflow-crm-projects/actual/delivery-core/access-denied-desktop-dark.png","09-visual-screenshots","intermediate or duplicate visual evidence","excluded-intermediate","low","46635","binary-png","intermediate"
"!!","docs/design-references/doflow-crm-projects/actual/delivery-core/access-denied-desktop-light.png","09-visual-screenshots","intermediate or duplicate visual evidence","excluded-intermediate","low","46564","binary-png","intermediate"
"!!","docs/design-references/doflow-crm-projects/actual/delivery-core/access-denied-mobile-dark.png","09-visual-screenshots","intermediate or duplicate visual evidence","excluded-intermediate","low","18694","binary-png","intermediate"
"!!","docs/design-references/doflow-crm-projects/actual/delivery-core/access-denied-mobile-light.png","09-visual-screenshots","intermediate or duplicate visual evidence","excluded-intermediate","low","18368","binary-png","intermediate"
"!!","docs/design-references/doflow-crm-projects/actual/delivery-core/access-denied-tablet-dark.png","09-visual-screenshots","intermediate or duplicate visual evidence","excluded-intermediate","low","40108","binary-png","intermediate"
"!!","docs/design-references/doflow-crm-projects/actual/delivery-core/access-denied-tablet-light.png","09-visual-screenshots","intermediate or duplicate visual evidence","excluded-intermediate","low","40287","binary-png","intermediate"
"!!","docs/design-references/doflow-crm-projects/actual/delivery-core/activities-desktop-dark.png","09-visual-screenshots","intermediate or duplicate visual evidence","excluded-intermediate","low","161120","binary-png","intermediate"
"!!","docs/design-references/doflow-crm-projects/actual/delivery-core/activities-desktop-light.png","09-visual-screenshots","intermediate or duplicate visual evidence","excluded-intermediate","low","158844","binary-png","intermediate"
"!!","docs/design-references/doflow-crm-projects/actual/delivery-core/activities-mobile-dark.png","09-visual-screenshots","intermediate or duplicate visual evidence","excluded-intermediate","low","50883","binary-png","intermediate"
"!!","docs/design-references/doflow-crm-projects/actual/delivery-core/activities-mobile-light.png","09-visual-screenshots","intermediate or duplicate visual evidence","excluded-intermediate","low","50080","binary-png","intermediate"
"!!","docs/design-references/doflow-crm-projects/actual/delivery-core/activities-tablet-dark.png","09-visual-screenshots","intermediate or duplicate visual evidence","excluded-intermediate","low","102745","binary-png","intermediate"
"!!","docs/design-references/doflow-crm-projects/actual/delivery-core/activities-tablet-light.png","09-visual-screenshots","intermediate or duplicate visual evidence","excluded-intermediate","low","103180","binary-png","intermediate"
"!!","docs/design-references/doflow-crm-projects/actual/delivery-core/builder-project-link-desktop-dark.png","09-visual-screenshots","intermediate or duplicate visual evidence","excluded-intermediate","low","127076","binary-png","intermediate"
"!!","docs/design-references/doflow-crm-projects/actual/delivery-core/builder-project-link-desktop-light.png","09-visual-screenshots","intermediate or duplicate visual evidence","excluded-intermediate","low","127613","binary-png","intermediate"
"!!","docs/design-references/doflow-crm-projects/actual/delivery-core/builder-project-link-mobile-dark.png","09-visual-screenshots","intermediate or duplicate visual evidence","excluded-intermediate","low","43173","binary-png","intermediate"
"!!","docs/design-references/doflow-crm-projects/actual/delivery-core/builder-project-link-mobile-light.png","09-visual-screenshots","intermediate or duplicate visual evidence","excluded-intermediate","low","42656","binary-png","intermediate"
"!!","docs/design-references/doflow-crm-projects/actual/delivery-core/builder-project-link-tablet-dark.png","09-visual-screenshots","intermediate or duplicate visual evidence","excluded-intermediate","low","104621","binary-png","intermediate"
"!!","docs/design-references/doflow-crm-projects/actual/delivery-core/builder-project-link-tablet-light.png","09-visual-screenshots","intermediate or duplicate visual evidence","excluded-intermediate","low","106148","binary-png","intermediate"
"!!","docs/design-references/doflow-crm-projects/actual/delivery-core/deadlines-desktop-dark.png","09-visual-screenshots","intermediate or duplicate visual evidence","excluded-intermediate","low","77426","binary-png","intermediate"
"!!","docs/design-references/doflow-crm-projects/actual/delivery-core/deadlines-desktop-light.png","09-visual-screenshots","intermediate or duplicate visual evidence","excluded-intermediate","low","77654","binary-png","intermediate"
"!!","docs/design-references/doflow-crm-projects/actual/delivery-core/deadlines-mobile-dark.png","09-visual-screenshots","intermediate or duplicate visual evidence","excluded-intermediate","low","21264","binary-png","intermediate"
"!!","docs/design-references/doflow-crm-projects/actual/delivery-core/deadlines-mobile-light.png","09-visual-screenshots","intermediate or duplicate visual evidence","excluded-intermediate","low","20700","binary-png","intermediate"
"!!","docs/design-references/doflow-crm-projects/actual/delivery-core/deadlines-tablet-dark.png","09-visual-screenshots","intermediate or duplicate visual evidence","excluded-intermediate","low","68754","binary-png","intermediate"
"!!","docs/design-references/doflow-crm-projects/actual/delivery-core/deadlines-tablet-light.png","09-visual-screenshots","intermediate or duplicate visual evidence","excluded-intermediate","low","69391","binary-png","intermediate"
"!!","docs/design-references/doflow-crm-projects/actual/delivery-core/project-detail-desktop-dark.png","09-visual-screenshots","intermediate or duplicate visual evidence","excluded-intermediate","low","130492","binary-png","intermediate"
"!!","docs/design-references/doflow-crm-projects/actual/delivery-core/project-detail-desktop-light.png","09-visual-screenshots","intermediate or duplicate visual evidence","excluded-intermediate","low","127223","binary-png","intermediate"
"!!","docs/design-references/doflow-crm-projects/actual/delivery-core/project-detail-mobile-dark.png","09-visual-screenshots","intermediate or duplicate visual evidence","excluded-intermediate","low","44130","binary-png","intermediate"
"!!","docs/design-references/doflow-crm-projects/actual/delivery-core/project-detail-mobile-light.png","09-visual-screenshots","intermediate or duplicate visual evidence","excluded-intermediate","low","42561","binary-png","intermediate"
"!!","docs/design-references/doflow-crm-projects/actual/delivery-core/project-detail-tablet-dark.png","09-visual-screenshots","intermediate or duplicate visual evidence","excluded-intermediate","low","103401","binary-png","intermediate"
"!!","docs/design-references/doflow-crm-projects/actual/delivery-core/project-detail-tablet-light.png","09-visual-screenshots","intermediate or duplicate visual evidence","excluded-intermediate","low","102526","binary-png","intermediate"
"!!","docs/design-references/doflow-crm-projects/actual/delivery-core/projects-desktop-dark.png","09-visual-screenshots","intermediate or duplicate visual evidence","excluded-intermediate","low","107367","binary-png","intermediate"
"!!","docs/design-references/doflow-crm-projects/actual/delivery-core/projects-desktop-light.png","09-visual-screenshots","intermediate or duplicate visual evidence","excluded-intermediate","low","108598","binary-png","intermediate"
"!!","docs/design-references/doflow-crm-projects/actual/delivery-core/projects-mobile-dark.png","09-visual-screenshots","intermediate or duplicate visual evidence","excluded-intermediate","low","46958","binary-png","intermediate"
"!!","docs/design-references/doflow-crm-projects/actual/delivery-core/projects-mobile-light.png","09-visual-screenshots","intermediate or duplicate visual evidence","excluded-intermediate","low","46979","binary-png","intermediate"
"!!","docs/design-references/doflow-crm-projects/actual/delivery-core/projects-tablet-dark.png","09-visual-screenshots","intermediate or duplicate visual evidence","excluded-intermediate","low","91501","binary-png","intermediate"
"!!","docs/design-references/doflow-crm-projects/actual/delivery-core/projects-tablet-light.png","09-visual-screenshots","intermediate or duplicate visual evidence","excluded-intermediate","low","93395","binary-png","intermediate"
"!!","docs/design-references/doflow-crm-projects/actual/delivery-core/qa-workflow-desktop-dark.png","09-visual-screenshots","intermediate or duplicate visual evidence","excluded-intermediate","low","165767","binary-png","intermediate"
"!!","docs/design-references/doflow-crm-projects/actual/delivery-core/qa-workflow-desktop-light.png","09-visual-screenshots","intermediate or duplicate visual evidence","excluded-intermediate","low","163273","binary-png","intermediate"
"!!","docs/design-references/doflow-crm-projects/actual/delivery-core/qa-workflow-mobile-dark.png","09-visual-screenshots","intermediate or duplicate visual evidence","excluded-intermediate","low","44130","binary-png","intermediate"
"!!","docs/design-references/doflow-crm-projects/actual/delivery-core/qa-workflow-mobile-light.png","09-visual-screenshots","intermediate or duplicate visual evidence","excluded-intermediate","low","42561","binary-png","intermediate"
"!!","docs/design-references/doflow-crm-projects/actual/delivery-core/qa-workflow-tablet-dark.png","09-visual-screenshots","intermediate or duplicate visual evidence","excluded-intermediate","low","109872","binary-png","intermediate"
"!!","docs/design-references/doflow-crm-projects/actual/delivery-core/qa-workflow-tablet-light.png","09-visual-screenshots","intermediate or duplicate visual evidence","excluded-intermediate","low","109351","binary-png","intermediate"
"!!","docs/design-references/doflow-crm-projects/actual/delivery-core/workload-desktop-dark.png","09-visual-screenshots","intermediate or duplicate visual evidence","excluded-intermediate","low","142145","binary-png","intermediate"
"!!","docs/design-references/doflow-crm-projects/actual/delivery-core/workload-desktop-light.png","09-visual-screenshots","intermediate or duplicate visual evidence","excluded-intermediate","low","143560","binary-png","intermediate"
"!!","docs/design-references/doflow-crm-projects/actual/delivery-core/workload-mobile-dark.png","09-visual-screenshots","intermediate or duplicate visual evidence","excluded-intermediate","low","58251","binary-png","intermediate"
"!!","docs/design-references/doflow-crm-projects/actual/delivery-core/workload-mobile-light.png","09-visual-screenshots","intermediate or duplicate visual evidence","excluded-intermediate","low","57751","binary-png","intermediate"
"!!","docs/design-references/doflow-crm-projects/actual/delivery-core/workload-tablet-dark.png","09-visual-screenshots","intermediate or duplicate visual evidence","excluded-intermediate","low","112859","binary-png","intermediate"
"!!","docs/design-references/doflow-crm-projects/actual/delivery-core/workload-tablet-light.png","09-visual-screenshots","intermediate or duplicate visual evidence","excluded-intermediate","low","113965","binary-png","intermediate"
"!!","docs/design-references/doflow-crm-projects/actual/document-revenue-contratti-dark-desktop-1440x900.png","09-visual-screenshots","intermediate or duplicate visual evidence","excluded-intermediate","low","158330","binary-png","intermediate"
"!!","docs/design-references/doflow-crm-projects/actual/document-revenue-contratti-dark-mobile-390x844.png","09-visual-screenshots","intermediate or duplicate visual evidence","excluded-intermediate","low","41642","binary-png","intermediate"
"!!","docs/design-references/doflow-crm-projects/actual/document-revenue-contratti-dark-tablet-1024x768.png","09-visual-screenshots","intermediate or duplicate visual evidence","excluded-intermediate","low","101878","binary-png","intermediate"
"!!","docs/design-references/doflow-crm-projects/actual/document-revenue-contratti-light-desktop-1440x900.png","09-visual-screenshots","intermediate or duplicate visual evidence","excluded-intermediate","low","154478","binary-png","intermediate"
"!!","docs/design-references/doflow-crm-projects/actual/document-revenue-contratti-light-mobile-390x844.png","09-visual-screenshots","intermediate or duplicate visual evidence","excluded-intermediate","low","41074","binary-png","intermediate"
"!!","docs/design-references/doflow-crm-projects/actual/document-revenue-contratti-light-tablet-1024x768.png","09-visual-screenshots","intermediate or duplicate visual evidence","excluded-intermediate","low","101326","binary-png","intermediate"
"!!","docs/design-references/doflow-crm-projects/actual/document-revenue-fatture-dark-desktop-1440x900.png","09-visual-screenshots","intermediate or duplicate visual evidence","excluded-intermediate","low","169054","binary-png","intermediate"
"!!","docs/design-references/doflow-crm-projects/actual/document-revenue-fatture-dark-mobile-390x844.png","09-visual-screenshots","intermediate or duplicate visual evidence","excluded-intermediate","low","52382","binary-png","intermediate"
"!!","docs/design-references/doflow-crm-projects/actual/document-revenue-fatture-dark-tablet-1024x768.png","09-visual-screenshots","intermediate or duplicate visual evidence","excluded-intermediate","low","133713","binary-png","intermediate"
"!!","docs/design-references/doflow-crm-projects/actual/document-revenue-fatture-light-desktop-1440x900.png","09-visual-screenshots","intermediate or duplicate visual evidence","excluded-intermediate","low","160884","binary-png","intermediate"
"!!","docs/design-references/doflow-crm-projects/actual/document-revenue-fatture-light-mobile-390x844.png","09-visual-screenshots","intermediate or duplicate visual evidence","excluded-intermediate","low","50245","binary-png","intermediate"
"!!","docs/design-references/doflow-crm-projects/actual/document-revenue-fatture-light-tablet-1024x768.png","09-visual-screenshots","intermediate or duplicate visual evidence","excluded-intermediate","low","128936","binary-png","intermediate"
"!!","docs/design-references/doflow-crm-projects/actual/document-revenue-preventivi-dark-desktop-1440x900.png","09-visual-screenshots","intermediate or duplicate visual evidence","excluded-intermediate","low","122321","binary-png","intermediate"
"!!","docs/design-references/doflow-crm-projects/actual/document-revenue-preventivi-dark-mobile-390x844.png","09-visual-screenshots","intermediate or duplicate visual evidence","excluded-intermediate","low","48146","binary-png","intermediate"
"!!","docs/design-references/doflow-crm-projects/actual/document-revenue-preventivi-dark-tablet-1024x768.png","09-visual-screenshots","intermediate or duplicate visual evidence","excluded-intermediate","low","108832","binary-png","intermediate"
"!!","docs/design-references/doflow-crm-projects/actual/document-revenue-preventivi-light-desktop-1440x900.png","09-visual-screenshots","intermediate or duplicate visual evidence","excluded-intermediate","low","119420","binary-png","intermediate"
"!!","docs/design-references/doflow-crm-projects/actual/document-revenue-preventivi-light-mobile-390x844.png","09-visual-screenshots","intermediate or duplicate visual evidence","excluded-intermediate","low","46438","binary-png","intermediate"
"!!","docs/design-references/doflow-crm-projects/actual/document-revenue-preventivi-light-tablet-1024x768.png","09-visual-screenshots","intermediate or duplicate visual evidence","excluded-intermediate","low","106254","binary-png","intermediate"
"!!","docs/design-references/doflow-crm-projects/actual/document-revenue-rinnovi-dark-desktop-1440x900.png","09-visual-screenshots","intermediate or duplicate visual evidence","excluded-intermediate","low","155023","binary-png","intermediate"
"!!","docs/design-references/doflow-crm-projects/actual/document-revenue-rinnovi-dark-mobile-390x844.png","09-visual-screenshots","intermediate or duplicate visual evidence","excluded-intermediate","low","38991","binary-png","intermediate"
"!!","docs/design-references/doflow-crm-projects/actual/document-revenue-rinnovi-dark-tablet-1024x768.png","09-visual-screenshots","intermediate or duplicate visual evidence","excluded-intermediate","low","97848","binary-png","intermediate"
"!!","docs/design-references/doflow-crm-projects/actual/document-revenue-rinnovi-light-desktop-1440x900.png","09-visual-screenshots","intermediate or duplicate visual evidence","excluded-intermediate","low","151391","binary-png","intermediate"
"!!","docs/design-references/doflow-crm-projects/actual/document-revenue-rinnovi-light-mobile-390x844.png","09-visual-screenshots","intermediate or duplicate visual evidence","excluded-intermediate","low","38037","binary-png","intermediate"
"!!","docs/design-references/doflow-crm-projects/actual/document-revenue-rinnovi-light-tablet-1024x768.png","09-visual-screenshots","intermediate or duplicate visual evidence","excluded-intermediate","low","97411","binary-png","intermediate"
"!!","docs/design-references/doflow-crm-projects/actual/final-rc/access-denied-desktop-1440x900-dark.png","09-visual-screenshots","final RC privacy-safe visual evidence","include-release","low","57046","binary-png","evidence-final"
"!!","docs/design-references/doflow-crm-projects/actual/final-rc/access-denied-desktop-1440x900-light.png","09-visual-screenshots","final RC privacy-safe visual evidence","include-release","low","56745","binary-png","evidence-final"
"!!","docs/design-references/doflow-crm-projects/actual/final-rc/activities-desktop-1440x900-dark.png","09-visual-screenshots","final RC privacy-safe visual evidence","include-release","low","162293","binary-png","evidence-final"
"!!","docs/design-references/doflow-crm-projects/actual/final-rc/activities-desktop-1440x900-light.png","09-visual-screenshots","final RC privacy-safe visual evidence","include-release","low","159884","binary-png","evidence-final"
"!!","docs/design-references/doflow-crm-projects/actual/final-rc/activities-mobile-390x900-dark.png","09-visual-screenshots","final RC privacy-safe visual evidence","include-release","low","57533","binary-png","evidence-final"
"!!","docs/design-references/doflow-crm-projects/actual/final-rc/activities-mobile-390x900-light.png","09-visual-screenshots","final RC privacy-safe visual evidence","include-release","low","56164","binary-png","evidence-final"
"!!","docs/design-references/doflow-crm-projects/actual/final-rc/activities-tablet-768x900-dark.png","09-visual-screenshots","final RC privacy-safe visual evidence","include-release","low","117550","binary-png","evidence-final"
"!!","docs/design-references/doflow-crm-projects/actual/final-rc/activities-tablet-768x900-light.png","09-visual-screenshots","final RC privacy-safe visual evidence","include-release","low","117577","binary-png","evidence-final"
"!!","docs/design-references/doflow-crm-projects/actual/final-rc/archive-desktop-1440x900-dark.png","09-visual-screenshots","final RC privacy-safe visual evidence","include-release","low","88694","binary-png","evidence-final"
"!!","docs/design-references/doflow-crm-projects/actual/final-rc/archive-desktop-1440x900-light.png","09-visual-screenshots","final RC privacy-safe visual evidence","include-release","low","88747","binary-png","evidence-final"
"!!","docs/design-references/doflow-crm-projects/actual/final-rc/automations-desktop-1440x900-dark.png","09-visual-screenshots","final RC privacy-safe visual evidence","include-release","low","158811","binary-png","evidence-final"
"!!","docs/design-references/doflow-crm-projects/actual/final-rc/automations-desktop-1440x900-light.png","09-visual-screenshots","final RC privacy-safe visual evidence","include-release","low","157065","binary-png","evidence-final"
"!!","docs/design-references/doflow-crm-projects/actual/final-rc/automations-mobile-390x900-dark.png","09-visual-screenshots","final RC privacy-safe visual evidence","include-release","low","48903","binary-png","evidence-final"
"!!","docs/design-references/doflow-crm-projects/actual/final-rc/automations-mobile-390x900-light.png","09-visual-screenshots","final RC privacy-safe visual evidence","include-release","low","47434","binary-png","evidence-final"
"!!","docs/design-references/doflow-crm-projects/actual/final-rc/automations-tablet-768x900-dark.png","09-visual-screenshots","final RC privacy-safe visual evidence","include-release","low","114467","binary-png","evidence-final"
"!!","docs/design-references/doflow-crm-projects/actual/final-rc/automations-tablet-768x900-light.png","09-visual-screenshots","final RC privacy-safe visual evidence","include-release","low","113759","binary-png","evidence-final"
"!!","docs/design-references/doflow-crm-projects/actual/final-rc/builder-desktop-1440x900-dark.png","09-visual-screenshots","final RC privacy-safe visual evidence","include-release","low","131776","binary-png","evidence-final"
"!!","docs/design-references/doflow-crm-projects/actual/final-rc/builder-desktop-1440x900-light.png","09-visual-screenshots","final RC privacy-safe visual evidence","include-release","low","132202","binary-png","evidence-final"
"!!","docs/design-references/doflow-crm-projects/actual/final-rc/builder-mobile-390x900-dark.png","09-visual-screenshots","final RC privacy-safe visual evidence","include-release","low","43173","binary-png","evidence-final"
"!!","docs/design-references/doflow-crm-projects/actual/final-rc/builder-mobile-390x900-light.png","09-visual-screenshots","final RC privacy-safe visual evidence","include-release","low","42656","binary-png","evidence-final"
"!!","docs/design-references/doflow-crm-projects/actual/final-rc/builder-tablet-768x900-dark.png","09-visual-screenshots","final RC privacy-safe visual evidence","include-release","low","109286","binary-png","evidence-final"
"!!","docs/design-references/doflow-crm-projects/actual/final-rc/builder-tablet-768x900-light.png","09-visual-screenshots","final RC privacy-safe visual evidence","include-release","low","110369","binary-png","evidence-final"
"!!","docs/design-references/doflow-crm-projects/actual/final-rc/campaigns-desktop-1440x900-dark.png","09-visual-screenshots","final RC privacy-safe visual evidence","include-release","low","136284","binary-png","evidence-final"
"!!","docs/design-references/doflow-crm-projects/actual/final-rc/campaigns-desktop-1440x900-light.png","09-visual-screenshots","final RC privacy-safe visual evidence","include-release","low","135464","binary-png","evidence-final"
"!!","docs/design-references/doflow-crm-projects/actual/final-rc/catalog-desktop-1440x900-dark.png","09-visual-screenshots","final RC privacy-safe visual evidence","include-release","low","131615","binary-png","evidence-final"
"!!","docs/design-references/doflow-crm-projects/actual/final-rc/catalog-desktop-1440x900-light.png","09-visual-screenshots","final RC privacy-safe visual evidence","include-release","low","129420","binary-png","evidence-final"
"!!","docs/design-references/doflow-crm-projects/actual/final-rc/clients-desktop-1440x900-dark.png","09-visual-screenshots","final RC privacy-safe visual evidence","include-release","low","175923","binary-png","evidence-final"
"!!","docs/design-references/doflow-crm-projects/actual/final-rc/clients-desktop-1440x900-light.png","09-visual-screenshots","final RC privacy-safe visual evidence","include-release","low","174331","binary-png","evidence-final"
"!!","docs/design-references/doflow-crm-projects/actual/final-rc/commercial-desktop-1440x900-dark.png","09-visual-screenshots","final RC privacy-safe visual evidence","include-release","low","146753","binary-png","evidence-final"
"!!","docs/design-references/doflow-crm-projects/actual/final-rc/commercial-desktop-1440x900-light.png","09-visual-screenshots","final RC privacy-safe visual evidence","include-release","low","143726","binary-png","evidence-final"
"!!","docs/design-references/doflow-crm-projects/actual/final-rc/contract-detail-desktop-1440x900-light.png","09-visual-screenshots","final RC privacy-safe visual evidence","include-release","low","203405","binary-png","evidence-final"
"!!","docs/design-references/doflow-crm-projects/actual/final-rc/contracts-desktop-1440x900-dark.png","09-visual-screenshots","final RC privacy-safe visual evidence","include-release","low","132096","binary-png","evidence-final"
"!!","docs/design-references/doflow-crm-projects/actual/final-rc/contracts-desktop-1440x900-light.png","09-visual-screenshots","final RC privacy-safe visual evidence","include-release","low","130571","binary-png","evidence-final"
"!!","docs/design-references/doflow-crm-projects/actual/final-rc/customer-detail-desktop-1440x900-dark.png","09-visual-screenshots","final RC privacy-safe visual evidence","include-release","low","158947","binary-png","evidence-final"
"!!","docs/design-references/doflow-crm-projects/actual/final-rc/customer-detail-desktop-1440x900-light.png","09-visual-screenshots","final RC privacy-safe visual evidence","include-release","low","160327","binary-png","evidence-final"
"!!","docs/design-references/doflow-crm-projects/actual/final-rc/customer-detail-mobile-390x900-dark.png","09-visual-screenshots","final RC privacy-safe visual evidence","include-release","low","55430","binary-png","evidence-final"
"!!","docs/design-references/doflow-crm-projects/actual/final-rc/customer-detail-mobile-390x900-light.png","09-visual-screenshots","final RC privacy-safe visual evidence","include-release","low","55301","binary-png","evidence-final"
"!!","docs/design-references/doflow-crm-projects/actual/final-rc/customer-detail-tablet-768x900-dark.png","09-visual-screenshots","final RC privacy-safe visual evidence","include-release","low","122680","binary-png","evidence-final"
"!!","docs/design-references/doflow-crm-projects/actual/final-rc/customer-detail-tablet-768x900-light.png","09-visual-screenshots","final RC privacy-safe visual evidence","include-release","low","124099","binary-png","evidence-final"
"!!","docs/design-references/doflow-crm-projects/actual/final-rc/dashboard-desktop-1440x900-dark.png","09-visual-screenshots","final RC privacy-safe visual evidence","include-release","low","139547","binary-png","evidence-final"
"!!","docs/design-references/doflow-crm-projects/actual/final-rc/dashboard-desktop-1440x900-light.png","09-visual-screenshots","final RC privacy-safe visual evidence","include-release","low","137554","binary-png","evidence-final"
"!!","docs/design-references/doflow-crm-projects/actual/final-rc/dashboard-mobile-390x900-dark.png","09-visual-screenshots","final RC privacy-safe visual evidence","include-release","low","51411","binary-png","evidence-final"
"!!","docs/design-references/doflow-crm-projects/actual/final-rc/dashboard-mobile-390x900-light.png","09-visual-screenshots","final RC privacy-safe visual evidence","include-release","low","49205","binary-png","evidence-final"
"!!","docs/design-references/doflow-crm-projects/actual/final-rc/dashboard-tablet-768x900-dark.png","09-visual-screenshots","final RC privacy-safe visual evidence","include-release","low","113780","binary-png","evidence-final"
"!!","docs/design-references/doflow-crm-projects/actual/final-rc/dashboard-tablet-768x900-light.png","09-visual-screenshots","final RC privacy-safe visual evidence","include-release","low","112866","binary-png","evidence-final"
"!!","docs/design-references/doflow-crm-projects/actual/final-rc/deadlines-desktop-1440x900-dark.png","09-visual-screenshots","final RC privacy-safe visual evidence","include-release","low","93571","binary-png","evidence-final"
"!!","docs/design-references/doflow-crm-projects/actual/final-rc/deadlines-desktop-1440x900-light.png","09-visual-screenshots","final RC privacy-safe visual evidence","include-release","low","93290","binary-png","evidence-final"
"!!","docs/design-references/doflow-crm-projects/actual/final-rc/documents-desktop-1440x900-dark.png","09-visual-screenshots","final RC privacy-safe visual evidence","include-release","low","115552","binary-png","evidence-final"
"!!","docs/design-references/doflow-crm-projects/actual/final-rc/documents-desktop-1440x900-light.png","09-visual-screenshots","final RC privacy-safe visual evidence","include-release","low","116708","binary-png","evidence-final"
"!!","docs/design-references/doflow-crm-projects/actual/final-rc/duplicates-desktop-1440x900-dark.png","09-visual-screenshots","final RC privacy-safe visual evidence","include-release","low","128862","binary-png","evidence-final"
"!!","docs/design-references/doflow-crm-projects/actual/final-rc/duplicates-desktop-1440x900-light.png","09-visual-screenshots","final RC privacy-safe visual evidence","include-release","low","126517","binary-png","evidence-final"
"!!","docs/design-references/doflow-crm-projects/actual/final-rc/invoices-desktop-1440x900-dark.png","09-visual-screenshots","final RC privacy-safe visual evidence","include-release","low","125497","binary-png","evidence-final"
"!!","docs/design-references/doflow-crm-projects/actual/final-rc/invoices-desktop-1440x900-light.png","09-visual-screenshots","final RC privacy-safe visual evidence","include-release","low","123266","binary-png","evidence-final"
"!!","docs/design-references/doflow-crm-projects/actual/final-rc/invoices-mobile-390x900-dark.png","09-visual-screenshots","final RC privacy-safe visual evidence","include-release","low","51498","binary-png","evidence-final"
"!!","docs/design-references/doflow-crm-projects/actual/final-rc/invoices-mobile-390x900-light.png","09-visual-screenshots","final RC privacy-safe visual evidence","include-release","low","49567","binary-png","evidence-final"
"!!","docs/design-references/doflow-crm-projects/actual/final-rc/invoices-tablet-768x900-dark.png","09-visual-screenshots","final RC privacy-safe visual evidence","include-release","low","114583","binary-png","evidence-final"
"!!","docs/design-references/doflow-crm-projects/actual/final-rc/invoices-tablet-768x900-light.png","09-visual-screenshots","final RC privacy-safe visual evidence","include-release","low","112765","binary-png","evidence-final"
"!!","docs/design-references/doflow-crm-projects/actual/final-rc/lead-detail-desktop-1440x900-dark.png","09-visual-screenshots","final RC privacy-safe visual evidence","include-release","low","69236","binary-png","evidence-final"
"!!","docs/design-references/doflow-crm-projects/actual/final-rc/lead-detail-desktop-1440x900-light.png","09-visual-screenshots","final RC privacy-safe visual evidence","include-release","low","69167","binary-png","evidence-final"
"!!","docs/design-references/doflow-crm-projects/actual/final-rc/lead-detail-mobile-390x900-dark.png","09-visual-screenshots","final RC privacy-safe visual evidence","include-release","low","16431","binary-png","evidence-final"
"!!","docs/design-references/doflow-crm-projects/actual/final-rc/lead-detail-mobile-390x900-light.png","09-visual-screenshots","final RC privacy-safe visual evidence","include-release","low","16110","binary-png","evidence-final"
"!!","docs/design-references/doflow-crm-projects/actual/final-rc/lead-detail-tablet-768x900-dark.png","09-visual-screenshots","final RC privacy-safe visual evidence","include-release","low","61439","binary-png","evidence-final"
"!!","docs/design-references/doflow-crm-projects/actual/final-rc/lead-detail-tablet-768x900-light.png","09-visual-screenshots","final RC privacy-safe visual evidence","include-release","low","61696","binary-png","evidence-final"
"!!","docs/design-references/doflow-crm-projects/actual/final-rc/leads-desktop-1440x900-dark.png","09-visual-screenshots","final RC privacy-safe visual evidence","include-release","low","219897","binary-png","evidence-final"
"!!","docs/design-references/doflow-crm-projects/actual/final-rc/leads-desktop-1440x900-light.png","09-visual-screenshots","final RC privacy-safe visual evidence","include-release","low","217676","binary-png","evidence-final"
"!!","docs/design-references/doflow-crm-projects/actual/final-rc/login-desktop-1440x900-dark.png","09-visual-screenshots","final RC privacy-safe visual evidence","include-release","low","495255","binary-png","evidence-final"
"!!","docs/design-references/doflow-crm-projects/actual/final-rc/login-desktop-1440x900-light.png","09-visual-screenshots","final RC privacy-safe visual evidence","include-release","low","498207","binary-png","evidence-final"
"!!","docs/design-references/doflow-crm-projects/actual/final-rc/login-mobile-390x900-dark.png","09-visual-screenshots","final RC privacy-safe visual evidence","include-release","low","49126","binary-png","evidence-final"
"!!","docs/design-references/doflow-crm-projects/actual/final-rc/login-mobile-390x900-light.png","09-visual-screenshots","final RC privacy-safe visual evidence","include-release","low","49126","binary-png","evidence-final"
"!!","docs/design-references/doflow-crm-projects/actual/final-rc/login-tablet-768x900-dark.png","09-visual-screenshots","final RC privacy-safe visual evidence","include-release","low","55811","binary-png","evidence-final"
"!!","docs/design-references/doflow-crm-projects/actual/final-rc/login-tablet-768x900-light.png","09-visual-screenshots","final RC privacy-safe visual evidence","include-release","low","60436","binary-png","evidence-final"
"!!","docs/design-references/doflow-crm-projects/actual/final-rc/notifications-desktop-1440x900-dark.png","09-visual-screenshots","final RC privacy-safe visual evidence","include-release","low","137547","binary-png","evidence-final"
"!!","docs/design-references/doflow-crm-projects/actual/final-rc/notifications-desktop-1440x900-light.png","09-visual-screenshots","final RC privacy-safe visual evidence","include-release","low","136525","binary-png","evidence-final"
"!!","docs/design-references/doflow-crm-projects/actual/final-rc/notifications-mobile-390x900-dark.png","09-visual-screenshots","final RC privacy-safe visual evidence","include-release","low","38803","binary-png","evidence-final"
"!!","docs/design-references/doflow-crm-projects/actual/final-rc/notifications-mobile-390x900-light.png","09-visual-screenshots","final RC privacy-safe visual evidence","include-release","low","37746","binary-png","evidence-final"
"!!","docs/design-references/doflow-crm-projects/actual/final-rc/notifications-tablet-768x900-dark.png","09-visual-screenshots","final RC privacy-safe visual evidence","include-release","low","103205","binary-png","evidence-final"
"!!","docs/design-references/doflow-crm-projects/actual/final-rc/notifications-tablet-768x900-light.png","09-visual-screenshots","final RC privacy-safe visual evidence","include-release","low","103091","binary-png","evidence-final"
"!!","docs/design-references/doflow-crm-projects/actual/final-rc/order-detail-desktop-1440x900-dark.png","09-visual-screenshots","final RC privacy-safe visual evidence","include-release","low","167957","binary-png","evidence-final"
"!!","docs/design-references/doflow-crm-projects/actual/final-rc/order-detail-desktop-1440x900-light.png","09-visual-screenshots","final RC privacy-safe visual evidence","include-release","low","164362","binary-png","evidence-final"
"!!","docs/design-references/doflow-crm-projects/actual/final-rc/order-detail-mobile-390x900-dark.png","09-visual-screenshots","final RC privacy-safe visual evidence","include-release","low","46530","binary-png","evidence-final"
"!!","docs/design-references/doflow-crm-projects/actual/final-rc/order-detail-mobile-390x900-light.png","09-visual-screenshots","final RC privacy-safe visual evidence","include-release","low","44849","binary-png","evidence-final"
"!!","docs/design-references/doflow-crm-projects/actual/final-rc/order-detail-tablet-768x900-dark.png","09-visual-screenshots","final RC privacy-safe visual evidence","include-release","low","112855","binary-png","evidence-final"
"!!","docs/design-references/doflow-crm-projects/actual/final-rc/order-detail-tablet-768x900-light.png","09-visual-screenshots","final RC privacy-safe visual evidence","include-release","low","111642","binary-png","evidence-final"
"!!","docs/design-references/doflow-crm-projects/actual/final-rc/order-dialog-desktop-1440x900-light.png","09-visual-screenshots","final RC privacy-safe visual evidence","include-release","low","206557","binary-png","evidence-final"
"!!","docs/design-references/doflow-crm-projects/actual/final-rc/order-select-desktop-1440x900-light.png","09-visual-screenshots","final RC privacy-safe visual evidence","include-release","low","225488","binary-png","evidence-final"
"!!","docs/design-references/doflow-crm-projects/actual/final-rc/orders-desktop-1440x900-dark.png","09-visual-screenshots","final RC privacy-safe visual evidence","include-release","low","165213","binary-png","evidence-final"
"!!","docs/design-references/doflow-crm-projects/actual/final-rc/orders-desktop-1440x900-light.png","09-visual-screenshots","final RC privacy-safe visual evidence","include-release","low","159586","binary-png","evidence-final"
"!!","docs/design-references/doflow-crm-projects/actual/final-rc/payments-desktop-1440x900-dark.png","09-visual-screenshots","final RC privacy-safe visual evidence","include-release","low","160242","binary-png","evidence-final"
"!!","docs/design-references/doflow-crm-projects/actual/final-rc/payments-desktop-1440x900-light.png","09-visual-screenshots","final RC privacy-safe visual evidence","include-release","low","155863","binary-png","evidence-final"
"!!","docs/design-references/doflow-crm-projects/actual/final-rc/pipeline-desktop-1440x900-dark.png","09-visual-screenshots","final RC privacy-safe visual evidence","include-release","low","139562","binary-png","evidence-final"
"!!","docs/design-references/doflow-crm-projects/actual/final-rc/pipeline-desktop-1440x900-light.png","09-visual-screenshots","final RC privacy-safe visual evidence","include-release","low","140200","binary-png","evidence-final"
"!!","docs/design-references/doflow-crm-projects/actual/final-rc/pipeline-mobile-390x900-dark.png","09-visual-screenshots","final RC privacy-safe visual evidence","include-release","low","66177","binary-png","evidence-final"
"!!","docs/design-references/doflow-crm-projects/actual/final-rc/pipeline-mobile-390x900-light.png","09-visual-screenshots","final RC privacy-safe visual evidence","include-release","low","65947","binary-png","evidence-final"
"!!","docs/design-references/doflow-crm-projects/actual/final-rc/pipeline-tablet-768x900-dark.png","09-visual-screenshots","final RC privacy-safe visual evidence","include-release","low","113106","binary-png","evidence-final"
"!!","docs/design-references/doflow-crm-projects/actual/final-rc/pipeline-tablet-768x900-light.png","09-visual-screenshots","final RC privacy-safe visual evidence","include-release","low","113597","binary-png","evidence-final"
"!!","docs/design-references/doflow-crm-projects/actual/final-rc/project-detail-desktop-1440x900-dark.png","09-visual-screenshots","final RC privacy-safe visual evidence","include-release","low","134017","binary-png","evidence-final"
"!!","docs/design-references/doflow-crm-projects/actual/final-rc/project-detail-desktop-1440x900-light.png","09-visual-screenshots","final RC privacy-safe visual evidence","include-release","low","130771","binary-png","evidence-final"
"!!","docs/design-references/doflow-crm-projects/actual/final-rc/project-detail-mobile-390x900-dark.png","09-visual-screenshots","final RC privacy-safe visual evidence","include-release","low","44227","binary-png","evidence-final"
"!!","docs/design-references/doflow-crm-projects/actual/final-rc/project-detail-mobile-390x900-light.png","09-visual-screenshots","final RC privacy-safe visual evidence","include-release","low","42610","binary-png","evidence-final"
"!!","docs/design-references/doflow-crm-projects/actual/final-rc/project-detail-tablet-768x900-dark.png","09-visual-screenshots","final RC privacy-safe visual evidence","include-release","low","106671","binary-png","evidence-final"
"!!","docs/design-references/doflow-crm-projects/actual/final-rc/project-detail-tablet-768x900-light.png","09-visual-screenshots","final RC privacy-safe visual evidence","include-release","low","105962","binary-png","evidence-final"
"!!","docs/design-references/doflow-crm-projects/actual/final-rc/projects-desktop-1440x900-dark.png","09-visual-screenshots","final RC privacy-safe visual evidence","include-release","low","186413","binary-png","evidence-final"
"!!","docs/design-references/doflow-crm-projects/actual/final-rc/projects-desktop-1440x900-light.png","09-visual-screenshots","final RC privacy-safe visual evidence","include-release","low","187336","binary-png","evidence-final"
"!!","docs/design-references/doflow-crm-projects/actual/final-rc/quotes-desktop-1440x900-dark.png","09-visual-screenshots","final RC privacy-safe visual evidence","include-release","low","97597","binary-png","evidence-final"
"!!","docs/design-references/doflow-crm-projects/actual/final-rc/quotes-desktop-1440x900-light.png","09-visual-screenshots","final RC privacy-safe visual evidence","include-release","low","96695","binary-png","evidence-final"
"!!","docs/design-references/doflow-crm-projects/actual/final-rc/quotes-mobile-390x900-dark.png","09-visual-screenshots","final RC privacy-safe visual evidence","include-release","low","40070","binary-png","evidence-final"
"!!","docs/design-references/doflow-crm-projects/actual/final-rc/quotes-mobile-390x900-light.png","09-visual-screenshots","final RC privacy-safe visual evidence","include-release","low","39111","binary-png","evidence-final"
"!!","docs/design-references/doflow-crm-projects/actual/final-rc/quotes-tablet-768x900-dark.png","09-visual-screenshots","final RC privacy-safe visual evidence","include-release","low","88899","binary-png","evidence-final"
"!!","docs/design-references/doflow-crm-projects/actual/final-rc/quotes-tablet-768x900-light.png","09-visual-screenshots","final RC privacy-safe visual evidence","include-release","low","88747","binary-png","evidence-final"
"!!","docs/design-references/doflow-crm-projects/actual/final-rc/renewals-desktop-1440x900-dark.png","09-visual-screenshots","final RC privacy-safe visual evidence","include-release","low","132354","binary-png","evidence-final"
"!!","docs/design-references/doflow-crm-projects/actual/final-rc/renewals-desktop-1440x900-light.png","09-visual-screenshots","final RC privacy-safe visual evidence","include-release","low","130820","binary-png","evidence-final"
"!!","docs/design-references/doflow-crm-projects/actual/final-rc/sales-desktop-1440x900-dark.png","09-visual-screenshots","final RC privacy-safe visual evidence","include-release","low","163755","binary-png","evidence-final"
"!!","docs/design-references/doflow-crm-projects/actual/final-rc/sales-desktop-1440x900-light.png","09-visual-screenshots","final RC privacy-safe visual evidence","include-release","low","158240","binary-png","evidence-final"
"!!","docs/design-references/doflow-crm-projects/actual/final-rc/settings-desktop-1440x900-dark.png","09-visual-screenshots","final RC privacy-safe visual evidence","include-release","low","148050","binary-png","evidence-final"
"!!","docs/design-references/doflow-crm-projects/actual/final-rc/settings-desktop-1440x900-light.png","09-visual-screenshots","final RC privacy-safe visual evidence","include-release","low","149112","binary-png","evidence-final"
"!!","docs/design-references/doflow-crm-projects/actual/final-rc/superadmin-dashboard-desktop-1440x900-dark.png","09-visual-screenshots","final RC privacy-safe visual evidence","include-release","low","337300","binary-png","evidence-final"
"!!","docs/design-references/doflow-crm-projects/actual/final-rc/superadmin-dashboard-desktop-1440x900-light.png","09-visual-screenshots","final RC privacy-safe visual evidence","include-release","low","335869","binary-png","evidence-final"
"!!","docs/design-references/doflow-crm-projects/actual/final-rc/superadmin-dashboard-mobile-390x900-dark.png","09-visual-screenshots","final RC privacy-safe visual evidence","include-release","low","158610","binary-png","evidence-final"
"!!","docs/design-references/doflow-crm-projects/actual/final-rc/superadmin-dashboard-mobile-390x900-light.png","09-visual-screenshots","final RC privacy-safe visual evidence","include-release","low","148361","binary-png","evidence-final"
"!!","docs/design-references/doflow-crm-projects/actual/final-rc/superadmin-dashboard-tablet-768x900-dark.png","09-visual-screenshots","final RC privacy-safe visual evidence","include-release","low","255938","binary-png","evidence-final"
"!!","docs/design-references/doflow-crm-projects/actual/final-rc/superadmin-dashboard-tablet-768x900-light.png","09-visual-screenshots","final RC privacy-safe visual evidence","include-release","low","261133","binary-png","evidence-final"
"!!","docs/design-references/doflow-crm-projects/actual/navigation-commercial-desktop.png","09-visual-screenshots","intermediate or duplicate visual evidence","excluded-intermediate","low","45649","binary-png","intermediate"
"!!","docs/design-references/doflow-crm-projects/actual/navigation-mobile.png","09-visual-screenshots","intermediate or duplicate visual evidence","excluded-intermediate","low","34939","binary-png","intermediate"
"!!","docs/design-references/doflow-crm-projects/actual/navigation-projects-desktop.png","09-visual-screenshots","intermediate or duplicate visual evidence","excluded-intermediate","low","44839","binary-png","intermediate"
"!!","docs/design-references/doflow-crm-projects/actual/navigation-settings-desktop.png","09-visual-screenshots","intermediate or duplicate visual evidence","excluded-intermediate","low","47627","binary-png","intermediate"
"!!","docs/design-references/doflow-crm-projects/actual/navigation-tablet.png","09-visual-screenshots","intermediate or duplicate visual evidence","excluded-intermediate","low","40187","binary-png","intermediate"
"!!","docs/design-references/doflow-crm-projects/actual/operations-files-mobile.png","09-visual-screenshots","intermediate or duplicate visual evidence","excluded-intermediate","low","61840","binary-png","intermediate"
"!!","docs/design-references/doflow-crm-projects/actual/operations-files-tablet.png","09-visual-screenshots","intermediate or duplicate visual evidence","excluded-intermediate","low","153681","binary-png","intermediate"
"!!","docs/design-references/doflow-crm-projects/actual/phase4a-collaboration-project-1440x900.png","09-visual-screenshots","intermediate or duplicate visual evidence","excluded-intermediate","low","214259","binary-png","intermediate"
"!!","docs/design-references/doflow-crm-projects/actual/phase4a-collaboration-project-390x900.png","09-visual-screenshots","intermediate or duplicate visual evidence","excluded-intermediate","low","61570","binary-png","intermediate"
"!!","docs/design-references/doflow-crm-projects/actual/phase4a-collaboration-project-768x900.png","09-visual-screenshots","intermediate or duplicate visual evidence","excluded-intermediate","low","110357","binary-png","intermediate"
"!!","docs/design-references/doflow-crm-projects/actual/phase4a-notifications-1440x900-dark.png","09-visual-screenshots","intermediate or duplicate visual evidence","excluded-intermediate","low","150897","binary-png","intermediate"
"!!","docs/design-references/doflow-crm-projects/actual/phase4a-notifications-1440x900-light.png","09-visual-screenshots","intermediate or duplicate visual evidence","excluded-intermediate","low","148472","binary-png","intermediate"
"!!","docs/design-references/doflow-crm-projects/actual/phase4a-notifications-390x900-dark.png","09-visual-screenshots","intermediate or duplicate visual evidence","excluded-intermediate","low","106902","binary-png","intermediate"
"!!","docs/design-references/doflow-crm-projects/actual/phase4a-notifications-390x900-light.png","09-visual-screenshots","intermediate or duplicate visual evidence","excluded-intermediate","low","103454","binary-png","intermediate"
"!!","docs/design-references/doflow-crm-projects/actual/phase4a-notifications-768x900-dark.png","09-visual-screenshots","intermediate or duplicate visual evidence","excluded-intermediate","low","144695","binary-png","intermediate"
"!!","docs/design-references/doflow-crm-projects/actual/phase4a-notifications-768x900-light.png","09-visual-screenshots","intermediate or duplicate visual evidence","excluded-intermediate","low","142784","binary-png","intermediate"
"!!","docs/design-references/doflow-crm-projects/actual/phase4b-access-limited-1440x900-light.png","09-visual-screenshots","intermediate or duplicate visual evidence","excluded-intermediate","low","177385","binary-png","intermediate"
"!!","docs/design-references/doflow-crm-projects/actual/phase4b-automations-1440x900-light.png","09-visual-screenshots","intermediate or duplicate visual evidence","excluded-intermediate","low","157039","binary-png","intermediate"
"!!","docs/design-references/doflow-crm-projects/actual/phase4b-mission-390x900-dark.png","09-visual-screenshots","intermediate or duplicate visual evidence","excluded-intermediate","low","47771","binary-png","intermediate"
"!!","docs/design-references/doflow-crm-projects/actual/phase4b-mission-768x900-dark.png","09-visual-screenshots","intermediate or duplicate visual evidence","excluded-intermediate","low","101828","binary-png","intermediate"
"!!","docs/design-references/doflow-crm-projects/actual/phase4b-points-1440x900-light.png","09-visual-screenshots","intermediate or duplicate visual evidence","excluded-intermediate","low","167024","binary-png","intermediate"
"!!","docs/design-references/doflow-crm-projects/actual/phase4b-rankings-1440x900-dark.png","09-visual-screenshots","intermediate or duplicate visual evidence","excluded-intermediate","low","157289","binary-png","intermediate"
"!!","docs/design-references/doflow-crm-projects/actual/phase4b-rule-editor-1440x900-light.png","09-visual-screenshots","intermediate or duplicate visual evidence","excluded-intermediate","low","86543","binary-png","intermediate"
"!!","docs/design-references/doflow-crm-projects/actual/phase4b-rules-1440x900-light.png","09-visual-screenshots","intermediate or duplicate visual evidence","excluded-intermediate","low","161152","binary-png","intermediate"
"!!","docs/design-references/doflow-crm-projects/actual/phase4b-run-error-retry-1440x900-dark.png","09-visual-screenshots","intermediate or duplicate visual evidence","excluded-intermediate","low","127373","binary-png","intermediate"
"!!","docs/design-references/doflow-crm-projects/actual/phase4b-runs-1440x900-dark.png","09-visual-screenshots","intermediate or duplicate visual evidence","excluded-intermediate","low","104242","binary-png","intermediate"
"!!","docs/design-references/doflow-crm-projects/actual/project-activities-desktop.png","09-visual-screenshots","intermediate or duplicate visual evidence","excluded-intermediate","low","192082","binary-png","intermediate"
"!!","docs/design-references/doflow-crm-projects/actual/project-files-desktop.png","09-visual-screenshots","intermediate or duplicate visual evidence","excluded-intermediate","low","156356","binary-png","intermediate"
"!!","docs/design-references/doflow-crm-projects/actual/project-files-global-desktop.png","09-visual-screenshots","intermediate or duplicate visual evidence","excluded-intermediate","low","89552","binary-png","intermediate"
"!!","docs/design-references/doflow-crm-projects/actual/project-stages-desktop.png","09-visual-screenshots","intermediate or duplicate visual evidence","excluded-intermediate","low","114767","binary-png","intermediate"
"!!","docs/design-references/doflow-crm-projects/actual/project-stages-mobile.png","09-visual-screenshots","intermediate or duplicate visual evidence","excluded-intermediate","low","36998","binary-png","intermediate"
"!!","docs/design-references/doflow-crm-projects/actual/project-stages-tablet.png","09-visual-screenshots","intermediate or duplicate visual evidence","excluded-intermediate","low","104848","binary-png","intermediate"
"!!","docs/design-references/doflow-crm-projects/actual/project-tasks-desktop.png","09-visual-screenshots","intermediate or duplicate visual evidence","excluded-intermediate","low","187349","binary-png","intermediate"
"!!","docs/design-references/doflow-crm-projects/actual/project-timeline-desktop.png","09-visual-screenshots","intermediate or duplicate visual evidence","excluded-intermediate","low","175377","binary-png","intermediate"
"!!","docs/design-references/doflow-crm-projects/actual/record-panel-v2-activity-desktop.png","09-visual-screenshots","intermediate or duplicate visual evidence","excluded-intermediate","low","192082","binary-png","intermediate"
"!!","docs/design-references/doflow-crm-projects/actual/record-panel-v2-administration-desktop.png","09-visual-screenshots","intermediate or duplicate visual evidence","excluded-intermediate","low","178186","binary-png","intermediate"
"!!","docs/design-references/doflow-crm-projects/actual/record-panel-v2-files-desktop.png","09-visual-screenshots","intermediate or duplicate visual evidence","excluded-intermediate","low","185101","binary-png","intermediate"
"!!","docs/design-references/doflow-crm-projects/actual/record-panel-v2-mobile.png","09-visual-screenshots","intermediate or duplicate visual evidence","excluded-intermediate","low","55269","binary-png","intermediate"
"!!","docs/design-references/doflow-crm-projects/actual/record-panel-v2-overview-desktop.png","09-visual-screenshots","intermediate or duplicate visual evidence","excluded-intermediate","low","191952","binary-png","intermediate"
"!!","docs/design-references/doflow-crm-projects/actual/secondary-views-mobile.png","09-visual-screenshots","intermediate or duplicate visual evidence","excluded-intermediate","low","53013","binary-png","intermediate"
"!!","docs/design-references/doflow-crm-projects/actual/secondary-views-tablet.png","09-visual-screenshots","intermediate or duplicate visual evidence","excluded-intermediate","low","81296","binary-png","intermediate"
"!!","docs/design-references/doflow-crm-projects/actual/timeline-activity-mobile.png","09-visual-screenshots","intermediate or duplicate visual evidence","excluded-intermediate","low","51347","binary-png","intermediate"
"!!","docs/design-references/doflow-crm-projects/actual/timeline-activity-tablet.png","09-visual-screenshots","intermediate or duplicate visual evidence","excluded-intermediate","low","142019","binary-png","intermediate"
"!!","docs/design-references/doflow-crm-projects/actual/unified-client-overview-desktop.png","09-visual-screenshots","intermediate or duplicate visual evidence","excluded-intermediate","low","179514","binary-png","intermediate"
"!!","docs/design-references/doflow-crm-projects/actual/unified-opportunity-overview-desktop.png","09-visual-screenshots","intermediate or duplicate visual evidence","excluded-intermediate","low","174674","binary-png","intermediate"
"!!","docs/design-references/doflow-crm-projects/actual/unified-project-overview-desktop.png","09-visual-screenshots","intermediate or duplicate visual evidence","excluded-intermediate","low","191952","binary-png","intermediate"
"!!","docs/design-references/doflow-crm-projects/actual/unified-record-panel-mobile.png","09-visual-screenshots","intermediate or duplicate visual evidence","excluded-intermediate","low","55269","binary-png","intermediate"
"!!","docs/design-references/doflow-crm-projects/actual/unified-record-panel-tablet.png","09-visual-screenshots","intermediate or duplicate visual evidence","excluded-intermediate","low","142019","binary-png","intermediate"
"M","docs/design-references/doflow-crm-projects/VISUAL_ACCEPTANCE.md","08-documentation","release candidate replacement","include-release","low","10027","text","direct"
"??","docs/doflow-browser-session-contract.md","08-documentation","release candidate replacement","include-release","low","4688","text","direct"
"??","docs/doflow-final-release-candidate-report.md","08-documentation","release candidate replacement","include-release","low","12591","text","direct"
"??","docs/doflow-final-route-parity-matrix.md","08-documentation","release candidate replacement","include-release","low","5988","text","direct"
"??","docs/doflow-global-frontend-lint-zero-report.md","08-documentation","release candidate replacement","include-release","low","5886","text","direct"
"??","docs/doflow-nest11-security-compatibility.md","08-documentation","release candidate replacement","include-release","low","4523","text","direct"
"??","docs/doflow-pre179-migration-rehearsal-report.md","08-documentation","release candidate replacement","include-release","low","4075","text","direct"
"??","docs/doflow-production-migration-runner.md","08-documentation","release candidate replacement","include-release","low","13703","text","direct"
"??","docs/doflow-production-preflight-report.md","08-documentation","release candidate replacement","include-release","low","7997","text","direct"
"??","docs/doflow-release-candidate-cutover-runbook.md","08-documentation","release candidate replacement","include-release","low","18379","text","direct"
"??","docs/doflow-release-candidate-manifest.md","08-documentation","release candidate replacement","include-release","low","14057","text","direct"
"??","docs/doflow-release-file-inventory.csv","08-documentation","release candidate replacement","include-release","low","185445","text","direct"
"??","docs/doflow-release-lock-report.md","08-documentation","release candidate replacement","include-release","low","13066","text","direct"
"??","docs/doflow-replacement-closure-matrix.md","08-documentation","release candidate replacement","include-release","low","71746","text","direct"
"!!","doflow-gestionale-reference/","15-reference-daniele","excluded by release policy","excluded-reference","low","0","policy-path","excluded"
"!!","infra/.env","14-acceptance-credentials-config","excluded by release policy","excluded-sensitive","critical","0","policy-path","excluded"
"!!","node_modules/","12-build-output","excluded by release policy","excluded-runtime","low","0","policy-path","excluded"
"M","package.json","06-monorepo-configuration","release candidate replacement","include-release","high","6435","text","direct"
"!!","playwright-report/","11-runtime-temporary","excluded by release policy","excluded-runtime","low","0","policy-path","excluded"
"??","playwright.automation-performance.config.ts","05-tests","release candidate replacement","include-release","medium","463","text","direct"
"??","playwright.collaboration.config.ts","05-tests","release candidate replacement","include-release","medium","454","text","direct"
"??","playwright.commerce-cash.config.ts","05-tests","release candidate replacement","include-release","medium","474","text","direct"
"??","playwright.commercial-core.config.ts","05-tests","release candidate replacement","include-release","medium","476","text","direct"
"??","playwright.delivery-core-visual.config.ts","05-tests","release candidate replacement","include-release","medium","472","text","direct"
"??","playwright.delivery-core.config.ts","05-tests","release candidate replacement","include-release","medium","474","text","direct"
"??","playwright.document-revenue-visual.config.ts","05-tests","release candidate replacement","include-release","medium","475","text","direct"
"??","playwright.document-revenue.config.ts","05-tests","release candidate replacement","include-release","medium","477","text","direct"
"??","playwright.final-global.config.ts","05-tests","release candidate replacement","include-release","medium","539","text","direct"
"??","playwright.final-visual.config.ts","05-tests","release candidate replacement","include-release","medium","609","text","direct"
"??","playwright.nest11.config.ts","05-tests","release candidate replacement","include-release","medium","467","text","direct"
"??","playwright.superadmin.config.ts","05-tests","release candidate replacement","include-release","medium","545","text","direct"
"??","playwright.web-session.config.ts","05-tests","release candidate replacement","include-release","high","472","text","direct"
"??","playwright.workspace-readiness.config.ts","05-tests","release candidate replacement","include-release","medium","480","text","direct"
"M","pnpm-lock.yaml","07-lockfile","release candidate replacement","include-release","high","605443","text","direct"
"!!","production-backups/","14-acceptance-credentials-config","excluded by release policy","excluded-sensitive","critical","0","policy-path","excluded"
"??","scripts/audit-commercial-provider.mjs","04-scripts-orchestrators","release candidate replacement","include-release","medium","3913","text","direct"
"??","scripts/automation-performance-runtime-audit.mjs","04-scripts-orchestrators","release candidate replacement","include-release","medium","2421","text","direct"
"??","scripts/browser-auth-authority-audit.mjs","04-scripts-orchestrators","release candidate replacement","include-release","high","4177","text","direct"
"??","scripts/collaboration-runtime-audit.mjs","04-scripts-orchestrators","release candidate replacement","include-release","medium","2047","text","direct"
"??","scripts/commerce-cash-runtime-audit.mjs","04-scripts-orchestrators","release candidate replacement","include-release","medium","2914","text","direct"
"??","scripts/commercial-core-frontend.test.mjs","04-scripts-orchestrators","release candidate replacement","include-release","medium","4627","text","direct"
"??","scripts/commercial-core-isolated-stack.mjs","04-scripts-orchestrators","release candidate replacement","include-release","medium","81211","text","direct"
"??","scripts/delivery-core-provider-audit.mjs","04-scripts-orchestrators","release candidate replacement","include-release","medium","5602","text","direct"
"??","scripts/document-revenue-runtime-audit.mjs","04-scripts-orchestrators","release candidate replacement","include-release","medium","3194","text","direct"
"??","scripts/final-release-audit.mjs","04-scripts-orchestrators","release candidate replacement","include-release","medium","7204","text","direct"
"??","scripts/final-security-audit.mjs","04-scripts-orchestrators","release candidate replacement","include-release","medium","6644","text","direct"
"??","scripts/lib/acceptance-evidence.mjs","04-scripts-orchestrators","release candidate replacement","include-release","medium","11104","text","direct"
"??","scripts/pre179-migration-rehearsal.mjs","04-scripts-orchestrators","release candidate replacement","include-release","high","25876","text","direct"
"??","scripts/production-startup-acceptance.mjs","04-scripts-orchestrators","release candidate replacement","include-release","medium","46776","text","direct"
"??","scripts/seed-isolated-acceptance.mjs","04-scripts-orchestrators","release candidate replacement","include-release","medium","2837","text","direct"
"??","scripts/start-isolated-backend.mjs","04-scripts-orchestrators","release candidate replacement","include-release","medium","3030","text","direct"
"??","scripts/start-isolated-frontend.mjs","04-scripts-orchestrators","release candidate replacement","include-release","medium","1067","text","direct"
"M","scripts/visual-gate.mjs","04-scripts-orchestrators","release candidate replacement","include-release","medium","22225","text","direct"
"!!","test-results/","11-runtime-temporary","excluded by release policy","excluded-runtime","low","0","policy-path","excluded"
"??","tests/acceptance/automation-performance-isolated.spec.ts","05-tests","release candidate replacement","include-release","medium","19184","text","direct"
"??","tests/acceptance/collaboration-isolated.spec.ts","05-tests","release candidate replacement","include-release","medium","35824","text","direct"
"??","tests/acceptance/commerce-cash-isolated.spec.ts","05-tests","release candidate replacement","include-release","medium","21293","text","direct"
"??","tests/acceptance/commercial-core-isolated.spec.ts","05-tests","release candidate replacement","include-release","medium","26020","text","direct"
"??","tests/acceptance/delivery-core-isolated.spec.ts","05-tests","release candidate replacement","include-release","medium","25734","text","direct"
"??","tests/acceptance/delivery-core-visual.spec.ts","05-tests","release candidate replacement","include-release","medium","14203","text","direct"
"??","tests/acceptance/document-revenue-isolated.spec.ts","05-tests","release candidate replacement","include-release","medium","21694","text","direct"
"??","tests/acceptance/document-revenue-visual.spec.ts","05-tests","release candidate replacement","include-release","medium","4442","text","direct"
"??","tests/acceptance/final-global-isolated.spec.ts","05-tests","release candidate replacement","include-release","medium","37195","text","direct"
"??","tests/acceptance/final-global-visual.spec.ts","05-tests","release candidate replacement","include-release","medium","24774","text","direct"
"??","tests/acceptance/nest11-isolated.spec.ts","05-tests","release candidate replacement","include-release","medium","9610","text","direct"
"??","tests/acceptance/web-session-isolated.spec.ts","05-tests","release candidate replacement","include-release","high","19391","text","direct"
"??","tests/acceptance/workspace-readiness-isolated.spec.ts","05-tests","release candidate replacement","include-release","medium","6178","text","direct"
"??","tests/frontend/automation-performance-runtime.test.mjs","05-tests","release candidate replacement","include-release","medium","1230","text","direct"
"??","tests/frontend/collaboration-runtime.test.mjs","05-tests","release candidate replacement","include-release","medium","820","text","direct"
"??","tests/frontend/commerce-cash-runtime.test.mjs","05-tests","release candidate replacement","include-release","medium","3383","text","direct"
"??","tests/frontend/document-revenue-runtime.test.mjs","05-tests","release candidate replacement","include-release","medium","2959","text","direct"
"??","tests/frontend/web-session-runtime.test.mjs","05-tests","release candidate replacement","include-release","high","1401","text","direct"
"??","tests/frontend/workspace-readiness-runtime.test.mjs","05-tests","release candidate replacement","include-release","medium","6636","text","direct"
"??","tests/orchestration/acceptance-evidence.test.mjs","05-tests","release candidate replacement","include-release","medium","17934","text","direct"
"??","tests/orchestration/production-startup-acceptance.test.mjs","05-tests","release candidate replacement","include-release","medium","4324","text","direct"
"M","tests/visual/auth-final.spec.ts","05-tests","release candidate replacement","include-release","high","13558","text","direct"
"M","tests/visual/commercial-stages.spec.ts","05-tests","release candidate replacement","include-release","medium","7575","text","direct"
"M","tests/visual/navigation-shell.spec.ts","05-tests","release candidate replacement","include-release","medium","18336","text","direct"
"M","tests/visual/project-stages.spec.ts","05-tests","release candidate replacement","include-release","medium","8081","text","direct"
